PlateID,Column,Row,ProcessingDate,CoreID,Morphotype,Notes,OakTip
MBH001,1,A,3 Apr 2024,SOS-106,A,,
MBH001,1,B,3 Apr 2024,SOS-106,B,,
MBH001,1,C,3 Apr 2024,SOS-106,B,,
MBH001,1,D,3 Apr 2024,SOS-106,C,,
MBH001,1,E,3 Apr 2024,SOS-106,A,,
MBH001,1,F,3 Apr 2024,SOS-106,A,,
MBH001,1,G,3 Apr 2024,SOS-106,D,,
MBH001,1,H,3 Apr 2024,SOS-106,A,,
MBH001,2,A,4 Apr 2024,SOS-111,E,,
MBH001,2,B,4 Apr 2024,SOS-111,E,,
MBH001,2,C,4 Apr 2024,SOS-111,E,,
MBH001,2,D,4 Apr 2024,SOS-111,F,,
MBH001,2,E,4 Apr 2024,SOS-111,E,,
MBH001,2,F,4 Apr 2024,SOS-111,F,,
MBH001,2,G,4 Apr 2024,SOS-111,F,,
MBH001,2,H,4 Apr 2024,SOS-111,F,,
MBH001,3,A,5 Apr 2024,SOS-113,G,,
MBH001,3,B,5 Apr 2024,SOS-113,G,,
MBH001,3,C,5 Apr 2024,SOS-113,G,,
MBH001,3,D,5 Apr 2024,SOS-113,G,,
MBH001,3,E,5 Apr 2024,SOS-112,H,,
MBH001,3,F,5 Apr 2024,SOS-073,J,,
MBH001,3,G,5 Apr 2024,SOS-073,J,,
MBH001,3,H,5 Apr 2024,SOS-073,J,,
MBH001,4,A,5 Apr 2024,SOS-116,H,,
MBH001,4,B,5 Apr 2024,SOS-116,H,,
MBH001,4,C,5 Apr 2024,SOS-116,H,,
MBH001,4,D,5 Apr 2024,SOS-116,H,,
MBH001,4,E,5 Apr 2024,SOS-116,H,,
MBH001,4,F,5 Apr 2024,SOS-116,H,,
MBH001,4,G,5 Apr 2024,SOS-116,H,,
MBH001,4,H,5 Apr 2024,SOS-116,H,,
MBH001,5,A,5 Apr 2024,SOS-109,I,,
MBH001,5,B,5 Apr 2024,SOS-109,I,,
MBH001,5,C,5 Apr 2024,SOS-109,I,,
MBH001,5,D,5 Apr 2024,SOS-109,I,,
MBH001,5,E,5 Apr 2024,SOS-109,I,,
MBH001,5,F,5 Apr 2024,SOS-109,I,,
MBH001,5,G,5 Apr 2024,SOS-109,I,,
MBH001,5,H,5 Apr 2024,SOS-109,I,,
MBH001,6,A,6 Apr 2024,SOS-071,I,,
MBH001,6,B,6 Apr 2024,SOS-105,G,,
MBH001,6,C,6 Apr 2024,SOS-105,G,,
MBH001,6,D,6 Apr 2024,SOS-105,G,,
MBH001,6,E,6 Apr 2024,SOS-105,I,,
MBH001,6,F,6 Apr 2024,SOS-074,I,,
MBH001,6,G,6 Apr 2024,SOS-074,I,,
MBH001,6,H,6 Apr 2024,,NEGCTRL,,
MBH001,7,A,6 Apr 2024,SOS-075,K,,
MBH001,7,B,6 Apr 2024,SOS-075,H,,
MBH001,7,C,6 Apr 2024,SOS-075,H,,
MBH001,7,D,6 Apr 2024,SOS-075,L,,
MBH001,7,E,6 Apr 2024,SOS-075,K,,
MBH001,7,F,6 Apr 2024,SOS-075,H,,
MBH001,7,G,6 Apr 2024,SOS-075,M,,
MBH001,7,H,6 Apr 2024,SOS-075,M,,
MBH001,8,A,6 Apr 2024,SOS-070,P,,
MBH001,8,B,6 Apr 2024,SOS-070,O,,
MBH001,8,C,6 Apr 2024,SOS-070,N,,
MBH001,8,D,6 Apr 2024,SOS-070,N,,
MBH001,8,E,6 Apr 2024,SOS-070,G,,
MBH001,8,F,6 Apr 2024,SOS-070,H,,
MBH001,8,G,6 Apr 2024,SOS-070,H,,
MBH001,8,H,6 Apr 2024,SOS-099,N,,
MBH001,9,A,6 Apr 2024,SOS-099,K,,
MBH001,9,B,6 Apr 2024,SOS-099,N,,
MBH001,9,C,6 Apr 2024,SOS-099,N,,
MBH001,9,D,6 Apr 2024,SOS-099,K,,
MBH001,9,E,6 Apr 2024,SOS-099,K,,
MBH001,9,F,6 Apr 2024,SOS-099,P,,
MBH001,9,G,6 Apr 2024,SOS-099,K,,
MBH001,9,H,6 Apr 2024,SOS-099,G,,
MBH001,10,A,6 Apr 2024,SOS-099,Z-OAK,,Y
MBH001,10,B,6 Apr 2024,SOS-099,Z-OAK,,Y
MBH001,10,C,6 Apr 2024,SOS-099,Z-OAK,,Y
MBH001,10,D,6 Apr 2024,SOS-099,P-OAK,,Y
MBH001,10,E,6 Apr 2024,SOS-099,N-OAK,,Y
MBH001,10,F,6 Apr 2024,SOS-099,L-OAK,,Y
MBH001,10,G,6 Apr 2024,SOS-099,N-OAK,,Y
MBH001,10,H,6 Apr 2024,SOS-099,H-OAK,,Y
MBH001,11,A,6 Apr 2024,SOS-100,N,,
MBH001,11,B,6 Apr 2024,SOS-100,Q,,
MBH001,11,C,6 Apr 2024,SOS-100,Q,,
MBH001,11,D,6 Apr 2024,SOS-100,G,,
MBH001,11,E,6 Apr 2024,SOS-100,H,,
MBH001,11,F,6 Apr 2024,SOS-100,G,,
MBH001,11,G,6 Apr 2024,SOS-100,Q,,
MBH001,11,H,6 Apr 2024,SOS-100,Q,,
MBH001,12,A,6 Apr 2024,SOS-097,G,,
MBH001,12,B,6 Apr 2024,SOS-097,P,,
MBH001,12,C,6 Apr 2024,SOS-098,H,,
MBH001,12,D,6 Apr 2024,SOS-098,Q,,
MBH001,12,E,6 Apr 2024,SOS-098,Q,,
MBH001,12,F,6 Apr 2024,SOS-098,N,,
MBH001,12,G,6 Apr 2024,SOS-098,H,,
MBH001,12,H,6 Apr 2024,SOS-098,H,,
MBH002,1,A,7 Apr 2024,SOS-107,O,,
MBH002,1,B,7 Apr 2024,SOS-107,O,,
MBH002,1,C,7 Apr 2024,SOS-107,O,,
MBH002,1,D,7 Apr 2024,SOS-107,O,,
MBH002,1,E,7 Apr 2024,SOS-114,H,,
MBH002,1,F,7 Apr 2024,SOS-114,Q,,
MBH002,1,G,7 Apr 2024,SOS-114,Q,,
MBH002,1,H,7 Apr 2024,SOS-114,I,,
MBH002,2,A,7 Apr 2024,SOS-120,H,,
MBH002,2,B,7 Apr 2024,SOS-120,H,,
MBH002,2,C,7 Apr 2024,SOS-120,H,,
MBH002,2,D,7 Apr 2024,SOS-120,H,,
MBH002,2,E,7 Apr 2024,SOS-120,Q,,
MBH002,2,F,7 Apr 2024,SOS-120,Q,,
MBH002,2,G,7 Apr 2024,SOS-120,H,,
MBH002,2,H,7 Apr 2024,SOS-120,H,,
MBH002,3,A,7 Apr 2024,SOS-076,R,,
MBH002,3,B,7 Apr 2024,SOS-076,H,,
MBH002,3,C,7 Apr 2024,SOS-076,R,,
MBH002,3,D,7 Apr 2024,SOS-076,H,,
MBH002,3,E,7 Apr 2024,SOS-076,H,,
MBH002,3,F,7 Apr 2024,SOS-076,R,,
MBH002,3,G,7 Apr 2024,SOS-076,R,,
MBH002,3,H,7 Apr 2024,SOS-076,H,,
MBH002,4,A,7 Apr 2024,SOS-104,S,,
MBH002,4,B,7 Apr 2024,SOS-104,S,,
MBH002,4,C,7 Apr 2024,SOS-104,S,,
MBH002,4,D,7 Apr 2024,SOS-104,H,,
MBH002,4,E,7 Apr 2024,SOS-104,H,,
MBH002,4,F,7 Apr 2024,SOS-104,S,,
MBH002,4,G,7 Apr 2024,SOS-104,S,,
MBH002,4,H,7 Apr 2024,SOS-104,N,,
MBH002,5,A,7 Apr 2024,SOS-077,H,,
MBH002,5,B,7 Apr 2024,SOS-077,G,,
MBH002,5,C,7 Apr 2024,SOS-077,G,,
MBH002,5,D,7 Apr 2024,SOS-077,J,,
MBH002,5,E,7 Apr 2024,SOS-062,K,,
MBH002,5,F,7 Apr 2024,SOS-062,G,,
MBH002,5,G,7 Apr 2024,SOS-062,Q,,
MBH002,5,H,7 Apr 2024,SOS-062,K,,
MBH002,6,A,7 Apr 2024,SOS-103,L,,
MBH002,6,B,7 Apr 2024,SOS-103,H,,
MBH002,6,C,7 Apr 2024,SOS-103,H,,
MBH002,6,D,7 Apr 2024,SOS-103,H,,
MBH002,6,E,7 Apr 2024,SOS-103,H,,
MBH002,6,F,7 Apr 2024,SOS-103,S,,
MBH002,6,G,7 Apr 2024,SOS-103,N-OAK,,Y
MBH002,6,H,7 Apr 2024,SOS-103,Q-OAK,,Y
MBH002,7,A,7 Apr 2024,SOS-069,Z,,
MBH002,7,B,7 Apr 2024,SOS-069,Z,,
MBH002,7,C,7 Apr 2024,SOS-069,Z,,
MBH002,7,D,7 Apr 2024,SOS-069,Q,,
MBH002,7,E,7 Apr 2024,SOS-061,Q,"Q, but very blue-black",
MBH002,7,F,7 Apr 2024,SOS-061,G,,
MBH002,7,G,7 Apr 2024,SOS-061,G,,
MBH002,7,H,7 Apr 2024,SOS-061,G,,
MBH002,8,A,7 Apr 2024,SOS-115,Q,,
MBH002,8,B,7 Apr 2024,SOS-115,Q,,
MBH002,8,C,7 Apr 2024,SOS-058,N,,
MBH002,8,D,7 Apr 2024,SOS-058,Q,,
MBH002,8,E,7 Apr 2024,SOS-067,G,,
MBH002,8,F,7 Apr 2024,SOS-067,G,,
MBH002,8,G,7 Apr 2024,SOS-067,G,,
MBH002,8,H,7 Apr 2024,SOS-067,G,,
MBH002,9,A,7 Apr 2024,SOS-102,G,,
MBH002,9,B,7 Apr 2024,SOS-102,H,,
MBH002,9,C,7 Apr 2024,SOS-102,H,,
MBH002,9,D,7 Apr 2024,SOS-102,N,,
MBH002,9,E,7 Apr 2024,SOS-102,H,,
MBH002,9,F,7 Apr 2024,SOS-102,T,,
MBH002,9,G,7 Apr 2024,SOS-102,H,,
MBH002,9,H,7 Apr 2024,SOS-102,G,,
MBH002,10,A,7 Apr 2024,SOS-068,G,,
MBH002,10,B,7 Apr 2024,SOS-068,G,,
MBH002,10,C,7 Apr 2024,SOS-068,G,,
MBH002,10,D,7 Apr 2024,SOS-068,G,,
MBH002,10,E,7 Apr 2024,SOS-068,H,,
MBH002,10,F,7 Apr 2024,SOS-068,H,,
MBH002,10,G,7 Apr 2024,SOS-068,H,,
MBH002,10,H,7 Apr 2024,SOS-068,H,,
MBH002,11,A,7 Apr 2024,SOS-117,H,,
MBH002,11,B,7 Apr 2024,SOS-117,H,,
MBH002,11,C,7 Apr 2024,SOS-117,H,,
MBH002,11,D,7 Apr 2024,SOS-117,H,,
MBH002,11,E,7 Apr 2024,,NEGCTRL,,
MBH002,11,F,7 Apr 2024,,NEGCTRL,,
MBH002,11,G,7 Apr 2024,,NEGCTRL,,
MBH002,11,H,7 Apr 2024,,NEGCTRL,,
MBH002,12,A,7 Apr 2024,,NEGCTRL,,
MBH002,12,B,7 Apr 2024,,NEGCTRL,,
MBH002,12,C,7 Apr 2024,,NEGCTRL,,
MBH002,12,D,7 Apr 2024,,NEGCTRL,,
MBH002,12,E,7 Apr 2024,,NEGCTRL,,
MBH002,12,F,7 Apr 2024,,NEGCTRL,,
MBH002,12,G,7 Apr 2024,,NEGCTRL,,
MBH002,12,H,7 Apr 2024,,NEGCTRL,,
MBH003,1,A,9 Apr 2024,SOS-118,N,,
MBH003,1,B,9 Apr 2024,SOS-118,H,,
MBH003,1,C,9 Apr 2024,SOS-118,I,,
MBH003,1,D,9 Apr 2024,SOS-118,H,,
MBH003,1,E,9 Apr 2024,SOS-118,P,,
MBH003,1,F,9 Apr 2024,SOS-118,P,,
MBH003,1,G,9 Apr 2024,SOS-118,I,,
MBH003,1,H,9 Apr 2024,SOS-118,H,,
MBH003,2,A,9 Apr 2024,SOS-066,N,,
MBH003,2,B,9 Apr 2024,SOS-066,H,,
MBH003,2,C,9 Apr 2024,SOS-066,I,,
MBH003,2,D,9 Apr 2024,SOS-066,I,,
MBH003,2,E,9 Apr 2024,SOS-066,I,,
MBH003,2,F,9 Apr 2024,SOS-066,H,,
MBH003,2,G,9 Apr 2024,SOS-066,H,,
MBH003,2,H,9 Apr 2024,SOS-066,I,,
MBH003,3,A,9 Apr 2024,SOS-063,G,,
MBH003,3,B,9 Apr 2024,SOS-063,M,,
MBH003,3,C,9 Apr 2024,SOS-063,P,,
MBH003,3,D,9 Apr 2024,SOS-063,P,,
MBH003,3,E,9 Apr 2024,SOS-063,G,,
MBH003,3,F,9 Apr 2024,SOS-063,I,,
MBH003,3,G,9 Apr 2024,SOS-063,G,,
MBH003,3,H,9 Apr 2024,SOS-063,G,,
MBH003,4,A,10 Apr 2024,SOS-079,G,,
MBH003,4,B,10 Apr 2024,SOS-079,H,,
MBH003,4,C,10 Apr 2024,SOS-079,H,,
MBH003,4,D,10 Apr 2024,SOS-079,H,,
MBH003,4,E,10 Apr 2024,SOS-079,G,,
MBH003,4,F,10 Apr 2024,SOS-079,G,,
MBH003,4,G,10 Apr 2024,SOS-079,S,,
MBH003,4,H,10 Apr 2024,SOS-079,S,,
MBH003,5,A,10 Apr 2024,SOS-088,P,,
MBH003,5,B,10 Apr 2024,SOS-088,P,,
MBH003,5,C,10 Apr 2024,SOS-088,P,,
MBH003,5,D,10 Apr 2024,SOS-088,P,,
MBH003,5,E,10 Apr 2024,SOS-088,H,,
MBH003,5,F,10 Apr 2024,SOS-088,H,,
MBH003,5,G,10 Apr 2024,SOS-088,H,,
MBH003,5,H,10 Apr 2024,SOS-088,H,,
MBH003,6,A,10 Apr 2024,SOS-089,Q,,
MBH003,6,B,10 Apr 2024,SOS-089,Q,,
MBH003,6,C,10 Apr 2024,SOS-089,P,,
MBH003,6,D,10 Apr 2024,SOS-089,P,,
MBH003,6,E,10 Apr 2024,SOS-089,K,,
MBH003,6,F,10 Apr 2024,SOS-089,K,,
MBH003,6,G,10 Apr 2024,SOS-089,K,,
MBH003,6,H,10 Apr 2024,SOS-089,K,,
MBH003,7,A,10 Apr 2024,SOS-059,K,,
MBH003,7,B,10 Apr 2024,SOS-059,K,,
MBH003,7,C,10 Apr 2024,SOS-059,K,,
MBH003,7,D,10 Apr 2024,SOS-059,K,,
MBH003,7,E,10 Apr 2024,SOS-059,K,,
MBH003,7,F,10 Apr 2024,SOS-059,K,,
MBH003,7,G,10 Apr 2024,SOS-059,K,,
MBH003,7,H,10 Apr 2024,,NEGCTRL,,
MBH003,8,A,10 Apr 2024,SOS-057,K,,
MBH003,8,B,10 Apr 2024,SOS-057,K,,
MBH003,8,C,10 Apr 2024,SOS-057,K,,
MBH003,8,D,10 Apr 2024,SOS-057,K,,
MBH003,8,E,10 Apr 2024,,NEGCTRL,,
MBH003,8,F,10 Apr 2024,,NEGCTRL,,
MBH003,8,G,10 Apr 2024,,NEGCTRL,,
MBH003,8,H,10 Apr 2024,,NEGCTRL,,
MBH003,9,A,10 Apr 2024,SOS-081,U,,
MBH003,9,B,10 Apr 2024,SOS-081,U,,
MBH003,9,C,10 Apr 2024,SOS-081,H,,
MBH003,9,D,10 Apr 2024,SOS-081,Q,,
MBH003,9,E,10 Apr 2024,SOS-081,U,,
MBH003,9,F,10 Apr 2024,SOS-081,Q,,
MBH003,9,G,10 Apr 2024,SOS-081,N,,
MBH003,9,H,10 Apr 2024,SOS-081,H,,
MBH003,10,A,11 Apr 2024,SOS-084,K,,
MBH003,10,B,11 Apr 2024,SOS-084,S,,
MBH003,10,C,11 Apr 2024,SOS-084,V,,
MBH003,10,D,11 Apr 2024,SOS-084,H,,
MBH003,10,E,11 Apr 2024,SOS-084,H,,
MBH003,10,F,11 Apr 2024,SOS-084,K,,
MBH003,10,G,11 Apr 2024,SOS-084,K,,
MBH003,10,H,11 Apr 2024,SOS-084,K,,
MBH003,11,A,11 Apr 2024,SOS-064,P,,
MBH003,11,B,11 Apr 2024,SOS-064,V,,
MBH003,11,C,11 Apr 2024,SOS-064,Q,,
MBH003,11,D,11 Apr 2024,SOS-064,Q,,
MBH003,11,E,11 Apr 2024,SOS-064,Q,,
MBH003,11,F,11 Apr 2024,,NEGCTRL,,
MBH003,11,G,11 Apr 2024,,NEGCTRL,,
MBH003,11,H,11 Apr 2024,,NEGCTRL,,
MBH003,12,A,11 Apr 2024,SOS-078,G,,
MBH003,12,B,11 Apr 2024,SOS-078,G,,
MBH003,12,C,11 Apr 2024,SOS-078,H,,
MBH003,12,D,11 Apr 2024,SOS-078,H,,
MBH003,12,E,11 Apr 2024,SOS-078,G,,
MBH003,12,F,11 Apr 2024,SOS-078,H,,
MBH003,12,G,11 Apr 2024,SOS-078,H,,
MBH003,12,H,11 Apr 2024,SOS-078,G,,
MBH004,1,A,11 Apr 2024,SOS-087,C,,
MBH004,1,B,11 Apr 2024,SOS-087,C,,
MBH004,1,C,11 Apr 2024,SOS-087,C,,
MBH004,1,D,11 Apr 2024,SOS-087,C,,
MBH004,1,E,11 Apr 2024,SOS-087,C,,
MBH004,1,F,11 Apr 2024,SOS-087,H,,
MBH004,1,G,11 Apr 2024,SOS-087,C,,
MBH004,1,H,11 Apr 2024,SOS-087,H,,
MBH004,2,A,11 Apr 2024,SOS-086,Q,,
MBH004,2,B,11 Apr 2024,SOS-086,Q,,
MBH004,2,C,11 Apr 2024,SOS-086,C,,
MBH004,2,D,11 Apr 2024,SOS-086,P,,
MBH004,2,E,11 Apr 2024,SOS-086,G,,
MBH004,2,F,11 Apr 2024,SOS-086,K,,
MBH004,2,G,11 Apr 2024,SOS-086,K,,
MBH004,2,H,11 Apr 2024,SOS-086,K,,
MBH004,3,A,11 Apr 2024,SOS-082,I,,
MBH004,3,B,11 Apr 2024,SOS-082,H,,
MBH004,3,C,11 Apr 2024,SOS-082,H,,
MBH004,3,D,11 Apr 2024,SOS-082,H,,
MBH004,3,E,11 Apr 2024,SOS-082,H,,
MBH004,3,F,11 Apr 2024,SOS-082,H,,
MBH004,3,G,11 Apr 2024,SOS-082,Q,,
MBH004,3,H,11 Apr 2024,SOS-082,Q,,
MBH004,4,A,11 Apr 2024,SOS-080,H,,
MBH004,4,B,11 Apr 2024,SOS-080,U,,
MBH004,4,C,11 Apr 2024,SOS-080,U,,
MBH004,4,D,11 Apr 2024,SOS-080,U,,
MBH004,4,E,11 Apr 2024,SOS-080,V,,
MBH004,4,F,11 Apr 2024,SOS-080,U,,
MBH004,4,G,11 Apr 2024,SOS-080,U,,
MBH004,4,H,11 Apr 2024,SOS-080,U,,
MBH004,5,A,12 Apr 2024,SOS-085,S,,
MBH004,5,B,12 Apr 2024,SOS-085,K,,
MBH004,5,C,12 Apr 2024,SOS-085,Q,,
MBH004,5,D,12 Apr 2024,SOS-085,Q,,
MBH004,5,E,12 Apr 2024,SOS-085,S,,
MBH004,5,F,12 Apr 2024,SOS-085,K,,
MBH004,5,G,12 Apr 2024,SOS-085,Q,,
MBH004,5,H,12 Apr 2024,SOS-085,S,,
MBH004,6,A,12 Apr 2024,,NEGCTRL,,
MBH004,6,B,12 Apr 2024,,NEGCTRL,,
MBH004,6,C,12 Apr 2024,,NEGCTRL,,
MBH004,6,D,12 Apr 2024,,NEGCTRL,,
MBH004,6,E,12 Apr 2024,,NEGCTRL,,
MBH004,6,F,12 Apr 2024,,NEGCTRL,,
MBH004,6,G,12 Apr 2024,,NEGCTRL,,
MBH004,6,H,12 Apr 2024,,NEGCTRL,,
MBH004,7,A,12 Apr 2024,,NEGCTRL,,
MBH004,7,B,12 Apr 2024,,NEGCTRL,,
MBH004,7,C,12 Apr 2024,,NEGCTRL,,
MBH004,7,D,12 Apr 2024,,NEGCTRL,,
MBH004,7,E,12 Apr 2024,,NEGCTRL,,
MBH004,7,F,12 Apr 2024,,NEGCTRL,,
MBH004,7,G,12 Apr 2024,,NEGCTRL,,
MBH004,7,H,12 Apr 2024,,NEGCTRL,,
MBH004,8,A,12 Apr 2024,,NEGCTRL,,
MBH004,8,B,12 Apr 2024,,NEGCTRL,,
MBH004,8,C,12 Apr 2024,,NEGCTRL,,
MBH004,8,D,12 Apr 2024,,NEGCTRL,,
MBH004,8,E,12 Apr 2024,,NEGCTRL,,
MBH004,8,F,12 Apr 2024,,NEGCTRL,,
MBH004,8,G,12 Apr 2024,,NEGCTRL,,
MBH004,8,H,12 Apr 2024,,NEGCTRL,,
MBH004,9,A,12 Apr 2024,,NEGCTRL,,
MBH004,9,B,12 Apr 2024,,NEGCTRL,,
MBH004,9,C,12 Apr 2024,,NEGCTRL,,
MBH004,9,D,12 Apr 2024,,NEGCTRL,,
MBH004,9,E,12 Apr 2024,,NEGCTRL,,
MBH004,9,F,12 Apr 2024,,NEGCTRL,,
MBH004,9,G,12 Apr 2024,,NEGCTRL,,
MBH004,9,H,12 Apr 2024,,NEGCTRL,,
MBH004,10,A,12 Apr 2024,,NEGCTRL,,
MBH004,10,B,12 Apr 2024,,NEGCTRL,,
MBH004,10,C,12 Apr 2024,,NEGCTRL,,
MBH004,10,D,12 Apr 2024,,NEGCTRL,,
MBH004,10,E,12 Apr 2024,,NEGCTRL,,
MBH004,10,F,12 Apr 2024,,NEGCTRL,,
MBH004,10,G,12 Apr 2024,,NEGCTRL,,
MBH004,10,H,12 Apr 2024,,NEGCTRL,,
MBH004,11,A,12 Apr 2024,,NEGCTRL,,
MBH004,11,B,12 Apr 2024,,NEGCTRL,,
MBH004,11,C,12 Apr 2024,,NEGCTRL,,
MBH004,11,D,12 Apr 2024,,NEGCTRL,,
MBH004,11,E,12 Apr 2024,,NEGCTRL,,
MBH004,11,F,12 Apr 2024,,NEGCTRL,,
MBH004,11,G,12 Apr 2024,,NEGCTRL,,
MBH004,11,H,12 Apr 2024,,NEGCTRL,,
MBH004,12,A,12 Apr 2024,,NEGCTRL,,
MBH004,12,B,12 Apr 2024,,NEGCTRL,,
MBH004,12,C,12 Apr 2024,,NEGCTRL,,
MBH004,12,D,12 Apr 2024,,NEGCTRL,,
MBH004,12,E,12 Apr 2024,,NEGCTRL,,
MBH004,12,F,12 Apr 2024,,NEGCTRL,,
MBH004,12,G,12 Apr 2024,,NEGCTRL,,
MBH004,12,H,12 Apr 2024,,NEGCTRL,,
MBH005,1,A,18 Apr 2024,MBH-1188,K,,
MBH005,1,B,18 Apr 2024,MBH-1188,K,,
MBH005,1,C,18 Apr 2024,MBH-1188,K,,
MBH005,1,D,18 Apr 2024,MBH-1188,K,,
MBH005,1,E,18 Apr 2024,MBH-1188,K,,
MBH005,1,F,18 Apr 2024,MBH-1188,K,,
MBH005,1,G,18 Apr 2024,MBH-1188,K,,
MBH005,1,H,18 Apr 2024,,NEGCTRL,,
MBH005,2,A,18 Apr 2024,MBH-1165,H,,
MBH005,2,B,18 Apr 2024,MBH-1165,H,,
MBH005,2,C,18 Apr 2024,MBH-1165,H,,
MBH005,2,D,18 Apr 2024,MBH-1165,H,,
MBH005,2,E,18 Apr 2024,MBH-1165,H,,
MBH005,2,F,18 Apr 2024,MBH-1165,H,,
MBH005,2,G,18 Apr 2024,MBH-1165,H,,
MBH005,2,H,18 Apr 2024,MBH-1165,H,,
MBH005,3,A,18 Apr 2024,MBH-1180,H,,
MBH005,3,B,18 Apr 2024,MBH-1180,K,,
MBH005,3,C,19 Apr 2024,MBH-1187,K,,
MBH005,3,D,19 Apr 2024,MBH-1166,H,,
MBH005,3,E,19 Apr 2024,MBH-1166,K,,
MBH005,3,F,19 Apr 2024,MBH-1166,K,,
MBH005,3,G,19 Apr 2024,MBH-1166,K,,
MBH005,3,H,19 Apr 2024,MBH-1166,K,,
MBH005,4,A,18 Apr 2024,MBH-1186,W,,
MBH005,4,B,18 Apr 2024,MBH-1186,W,,
MBH005,4,C,18 Apr 2024,MBH-1186,K,,
MBH005,4,D,18 Apr 2024,MBH-1186,K,,
MBH005,4,E,18 Apr 2024,MBH-1186,K,,
MBH005,4,F,18 Apr 2024,MBH-1186,W,,
MBH005,4,G,18 Apr 2024,MBH-1186,K,,
MBH005,4,H,18 Apr 2024,MBH-1186,K,,
MBH005,5,A,19 Apr 2024,MBH-1222,H,,
MBH005,5,B,19 Apr 2024,MBH-1222,Q,,
MBH005,5,C,19 Apr 2024,MBH-1222,H,,
MBH005,5,D,19 Apr 2024,MBH-1222,R,,
MBH005,5,E,19 Apr 2024,MBH-1222,V,,
MBH005,5,F,19 Apr 2024,MBH-1222,R,,
MBH005,5,G,19 Apr 2024,MBH-1222,Q,,
MBH005,5,H,19 Apr 2024,MBH-1222,R,,
MBH005,6,A,19 Apr 2024,MBH-1183,H,,
MBH005,6,B,19 Apr 2024,MBH-1207,I,,
MBH005,6,C,19 Apr 2024,MBH-1179,R,,
MBH005,6,D,19 Apr 2024,MBH-1179,R,,
MBH005,6,E,19 Apr 2024,MBH-1202,H,,
MBH005,6,F,19 Apr 2024,MBH-1202,H,,
MBH005,6,G,19 Apr 2024,MBH-1202,H,,
MBH005,6,H,19 Apr 2024,MBH-1202,H,,
MBH005,7,A,19 Apr 2024,MBH-1221,Q,,
MBH005,7,B,19 Apr 2024,MBH-1221,P,,
MBH005,7,C,19 Apr 2024,MBH-1221,U,,
MBH005,7,D,19 Apr 2024,MBH-1221,Q,,
MBH005,7,E,19 Apr 2024,MBH-1221,Q,,
MBH005,7,F,19 Apr 2024,MBH-1221,Q,,
MBH005,7,G,19 Apr 2024,MBH-1221,Q,,
MBH005,7,H,19 Apr 2024,MBH-1221,H,,
MBH005,8,A,19 Apr 2024,MBH-1220,R,,
MBH005,8,B,19 Apr 2024,MBH-1220,R,,
MBH005,8,C,19 Apr 2024,MBH-1220,R,,
MBH005,8,D,19 Apr 2024,MBH-1220,R,,
MBH005,8,E,19 Apr 2024,MBH-1220,R,,
MBH005,8,F,19 Apr 2024,MBH-1220,R,,
MBH005,8,G,19 Apr 2024,MBH-1220,R,,
MBH005,8,H,19 Apr 2024,MBH-1220,R,,
MBH005,9,A,19 Apr 2024,MBH-1204,H,,
MBH005,9,B,19 Apr 2024,MBH-1204,R,,
MBH005,9,C,19 Apr 2024,MBH-1204,R,,
MBH005,9,D,19 Apr 2024,MBH-1204,R,,
MBH005,9,E,19 Apr 2024,MBH-1204,R,,
MBH005,9,F,19 Apr 2024,MBH-1204,R,,
MBH005,9,G,19 Apr 2024,MBH-1204,R,,
MBH005,9,H,19 Apr 2024,MBH-1204,R,,
MBH005,10,A,19 Apr 2024,MBH-1178,R,,
MBH005,10,B,19 Apr 2024,MBH-1178,R,,
MBH005,10,C,19 Apr 2024,MBH-1178,R,,
MBH005,10,D,19 Apr 2024,MBH-1178,R,,
MBH005,10,E,19 Apr 2024,MBH-1178,R,,
MBH005,10,F,19 Apr 2024,MBH-1178,R,,
MBH005,10,G,19 Apr 2024,MBH-1178,R,,
MBH005,10,H,19 Apr 2024,MBH-1178,R,,
MBH005,11,A,19 Apr 2024,MBH-1196,R,,
MBH005,11,B,19 Apr 2024,MBH-1196,R,,
MBH005,11,C,19 Apr 2024,MBH-1196,R,,
MBH005,11,D,19 Apr 2024,MBH-1196,R,,
MBH005,11,E,19 Apr 2024,MBH-1196,R,,
MBH005,11,F,19 Apr 2024,MBH-1196,R,,
MBH005,11,G,19 Apr 2024,MBH-1196,R,,
MBH005,11,H,19 Apr 2024,MBH-1196,R,,
MBH005,12,A,19 Apr 2024,MBH-1192,K-OAK,,Y
MBH005,12,B,19 Apr 2024,MBH-1192,Z-OAK,,Y
MBH005,12,C,19 Apr 2024,MBH-1192,Z-OAK,,
MBH005,12,D,19 Apr 2024,MBH-1192,Z-OAK,,
MBH005,12,E,19 Apr 2024,MBH-1192,Z-OAK,,
MBH005,12,F,19 Apr 2024,MBH-1192,Z,,
MBH005,12,G,19 Apr 2024,MBH-1192,Z,,
MBH005,12,H,19 Apr 2024,MBH-1192,K-OAK,,Y
MBH006,1,A,20 Apr 2024,MBH-1206,I,,
MBH006,1,B,20 Apr 2024,MBH-1206,H,,
MBH006,1,C,20 Apr 2024,MBH-1206,H,,
MBH006,1,D,20 Apr 2024,MBH-1206,I,,
MBH006,1,E,20 Apr 2024,MBH-1206,I,,
MBH006,1,F,20 Apr 2024,MBH-1206,I,,
MBH006,1,G,20 Apr 2024,MBH-1206,H,,
MBH006,1,H,20 Apr 2024,MBH-1206,I,,
MBH006,2,A,20 Apr 2024,MBH-1198,P,,
MBH006,2,B,20 Apr 2024,MBH-1997,K-OAK,,
MBH006,2,C,20 Apr 2024,MBH-1997,K-OAK,,
MBH006,2,D,20 Apr 2024,MBH-1997,K-OAK,,
MBH006,2,E,20 Apr 2024,MBH-1997,K-OAK,,
MBH006,2,F,21 Apr 2024,MBH-1155,H,,
MBH006,2,G,21 Apr 2024,MBH-1155,K,,
MBH006,2,H,21 Apr 2024,MBH-1155,H,,
MBH006,3,A,20 Apr 2024,MBH-1171,H,,
MBH006,3,B,20 Apr 2024,MBH-1171,Q,,
MBH006,3,C,20 Apr 2024,MBH-1171,H,,
MBH006,3,D,20 Apr 2024,MBH-1171,H,,
MBH006,3,E,20 Apr 2024,MBH-1171,H,,
MBH006,3,F,20 Apr 2024,MBH-1171,Q,,
MBH006,3,G,20 Apr 2024,MBH-1195,Q,,
MBH006,3,H,20 Apr 2024,MBH-1195,Q,,
MBH006,4,A,20 Apr 2024,MBH-1170,R,,
MBH006,4,B,20 Apr 2024,MBH-1170,R,,
MBH006,4,C,20 Apr 2024,MBH-1170,R,,
MBH006,4,D,20 Apr 2024,MBH-1170,R,,
MBH006,4,E,20 Apr 2024,MBH-1170,R,,
MBH006,4,F,20 Apr 2024,MBH-1170,H,,
MBH006,4,G,20 Apr 2024,MBH-1170,H,,
MBH006,4,H,24 Apr 2024,MBH-1175,A,,
MBH006,5,A,20 Apr 2024,MBH-1208,H,,
MBH006,5,B,20 Apr 2024,MBH-1208,J,,
MBH006,5,C,20 Apr 2024,MBH-1208,P,,
MBH006,5,D,20 Apr 2024,MBH-1208,H,,
MBH006,5,E,20 Apr 2024,MBH-1208,H,,
MBH006,5,F,20 Apr 2024,MBH-1208,K,,
MBH006,5,G,20 Apr 2024,MBH-1208,P,,
MBH006,5,H,20 Apr 2024,MBH-1208,H,,
MBH006,6,A,21 Apr 2024,MBH-1205,R,,
MBH006,6,B,21 Apr 2024,MBH-1205,R,,
MBH006,6,C,21 Apr 2024,MBH-1205,R,,
MBH006,6,D,21 Apr 2024,MBH-1205,R,,
MBH006,6,E,21 Apr 2024,MBH-1205,K,,
MBH006,6,F,21 Apr 2024,MBH-1205,K,,
MBH006,6,G,21 Apr 2024,MBH-1205,K,,
MBH006,6,H,21 Apr 2024,MBH-1205,K,,
MBH006,7,A,21 Apr 2024,MBH-1209,C,,
MBH006,7,B,21 Apr 2024,MBH-1209,C,,
MBH006,7,C,21 Apr 2024,MBH-1209,H,,
MBH006,7,D,21 Apr 2024,MBH-1209,K,,
MBH006,7,E,21 Apr 2024,MBH-1209,V,,
MBH006,7,F,21 Apr 2024,MBH-1209,P,,
MBH006,7,G,21 Apr 2024,MBH-1209,K,,
MBH006,7,H,21 Apr 2024,MBH-1209,H,,
MBH006,8,A,21 Apr 2024,MBH-1194,R,,
MBH006,8,B,21 Apr 2024,MBH-1194,R,,
MBH006,8,C,21 Apr 2024,MBH-1194,R,,
MBH006,8,D,21 Apr 2024,MBH-1194,R,,
MBH006,8,E,21 Apr 2024,MBH-1194,P,,
MBH006,8,F,21 Apr 2024,MBH-1194,P,,
MBH006,8,G,21 Apr 2024,MBH-1194,P,,
MBH006,8,H,21 Apr 2024,MBH-1194,R,,
MBH006,9,A,24 Apr 2024,MBH-1214,P,,
MBH006,9,B,24 Apr 2024,MBH-1214,P,,
MBH006,9,C,24 Apr 2024,MBH-1214,P,,
MBH006,9,D,24 Apr 2024,MBH-1214,P,,
MBH006,9,E,24 Apr 2024,MBH-1231,H,,
MBH006,9,F,24 Apr 2024,MBH-1231,H,,
MBH006,9,G,24 Apr 2024,MBH-1184,H,,
MBH006,9,H,24 Apr 2024,MBH-1184,H,,
MBH006,10,A,24 Apr 2024,MBH-1176,Q,,
MBH006,10,B,24 Apr 2024,MBH-1176,H,,
MBH006,10,C,24 Apr 2024,MBH-1176,H,,
MBH006,10,D,24 Apr 2024,MBH-1176,Q,,
MBH006,10,E,24 Apr 2024,MBH-1176,H,,
MBH006,10,F,24 Apr 2024,MBH-1176,P,,
MBH006,10,G,24 Apr 2024,MBH-1176,P,,
MBH006,10,H,24 Apr 2024,,NEGCTRL,,
MBH006,11,A,24 Apr 2024,MBH-1200,Q,,
MBH006,11,B,24 Apr 2024,MBH-1200,H,,
MBH006,11,C,24 Apr 2024,MBH-1200,V,,
MBH006,11,D,24 Apr 2024,MBH-1200,K,,
MBH006,11,E,24 Apr 2024,MBH-1200,Q,,
MBH006,11,F,24 Apr 2024,MBH-1200,K,,
MBH006,11,G,24 Apr 2024,MBH-1200,K,,
MBH006,11,H,24 Apr 2024,MBH-1200,H,,
MBH006,12,A,24 Apr 2024,MBH-1177,H,,
MBH006,12,B,24 Apr 2024,MBH-1177,H,,
MBH006,12,C,24 Apr 2024,MBH-1177,H,,
MBH006,12,D,24 Apr 2024,MBH-1177,H,,
MBH006,12,E,24 Apr 2024,MBH-1177,H,,
MBH006,12,F,24 Apr 2024,MBH-1177,H,,
MBH006,12,G,24 Apr 2024,MBH-1177,H,,
MBH006,12,H,24 Apr 2024,MBH-1177,H,,
MBH007,1,A,25 Apr 2024,MBH-1164,H,,
,1,B,,,H,,
,1,C,,,H,,
,1,D,,,R,,
,1,E,,,K,,
,1,F,,,Q,,
,1,G,,,H,,
,1,H,,,K,,
,2,A,,MBH-1215,R,,
,2,B,,,R,,
,2,C,,,R,,
,2,D,,,R,,
,2,E,,,R,,
,2,F,,,R,,
,2,G,,,R,,
,2,H,,,R,,
,3,A,,MBH-1167,V,,
,3,B,,,Q,,
,3,C,,,H,,
,3,D,,,H,,
,3,E,,,H,,
,3,F,,,R,,
,3,G,,,H,,
,3,H,,,V,,
,4,A,26 Apr 2024,MBH-1168,H,,
,4,B,,,H,,
,4,C,,,R,,
,4,D,,,R,,
,4,E,,,H,,
,4,F,,MBH-1227,R,,
,4,G,,,NEGCTRL,,
,4,H,,,NEGCTRL,,
,5,A,,MBH-1191,R,,
,5,B,,,Q,,
,5,C,,,Q,,
,5,D,,,R,,
,5,E,,,R,,
,5,F,,,Q,,
,5,G,,,NEGCTRL,,
,5,H,,,NEGCTRL,,
,6,A,,MBH-1189,Q,,
,6,B,,,P,,
,6,C,,,P,,
,6,D,,,P,,
,6,E,,,P,,
,6,F,,,P,,
,6,G,,,P,,
,6,H,,,K,,
,7,A,,MBH-1169,C,,
,7,B,,,C,,
,7,C,,,C,,
,7,D,,,C,,
,7,E,,,C,,
,7,F,,,C,,
,7,G,,,K,,
,7,H,,,K,,
,8,A,27 Apr 2024,MBH-1185,C,,
,8,B,,,C,,
,8,C,,,H,,
,8,D,,,C,,
,8,E,,,H,,
,8,F,,,C,,
,8,G,,,H,,
,8,H,,,H,,
,9,A,,MBH-1217,Q,,
,9,B,,,Q,,
,9,C,,,Q,,
,9,D,,,Q,,
,9,E,,,Q,,
,9,F,,,Q,,
,9,G,,,H,,
,9,H,,,H,,
,10,A,29 Apr 2024,MBH-1157,R,,
,10,B,29 Apr 2024,MBH-1157,K,,
,10,C,29 Apr 2024,MBH-1157,K,,
,10,D,29 Apr 2024,MBH-1157,K,,
,10,E,29 Apr 2024,MBH-1157,K,,
,10,F,29 Apr 2024,MBH-1157,K,,
,10,G,29 Apr 2024,MBH-1157,K,,
,10,H,29 Apr 2024,MBH-1157,K,,
,11,A,29 Apr 2024,MBH-1190,R,,
,11,B,29 Apr 2024,MBH-1190,R,,
,11,C,29 Apr 2024,MBH-1190,R,,
,11,D,29 Apr 2024,MBH-1190,R,,
,11,E,29 Apr 2024,MBH-1190,R,,
,11,F,29 Apr 2024,MBH-1190,R,,
,11,G,29 Apr 2024,MBH-1190,R,,
,11,H,29 Apr 2024,MBH-1190,R,,
,12,A,29 Apr 2024,MBH-1173,Q,,
,12,B,29 Apr 2024,MBH-1173,Q,,
,12,C,29 Apr 2024,MBH-1173,Q,,
,12,D,29 Apr 2024,MBH-1173,R,,
,12,E,29 Apr 2024,MBH-1173,Q,,
,12,F,29 Apr 2024,MBH-1173,R,,
,12,G,29 Apr 2024,MBH-1173,Q,,
,12,H,29 Apr 2024,MBH-1173,Q,,
MBH008,1,A,,,,,
,1,B,,,,,
,1,C,,,,,
,1,D,,,,,
,1,E,,,,,
,1,F,,,,,
,1,G,,,,,
,1,H,,,,,
,2,A,,,,,
,2,B,,,,,
,2,C,,,,,
,2,D,,,,,
,2,E,,,,,
,2,F,,,,,
,2,G,,,,,
,2,H,,,,,
,3,A,,,,,
,3,B,,,,,
,3,C,,,,,
,3,D,,,,,
,3,E,,,,,
,3,F,,,,,
,3,G,,,,,
,3,H,,,,,
,4,A,,,,,
,4,B,,,,,
,4,C,,,,,
,4,D,,,,,
,4,E,,,,,
,4,F,,,,,
,4,G,,,,,
,4,H,,,,,
,5,A,,,,,
,5,B,,,,,
,5,C,,,,,
,5,D,,,,,
,5,E,,,,,
,5,F,,,,,
,5,G,,,,,
,5,H,,,,,
,6,A,,,,,
,6,B,,,,,
,6,C,,,,,
,6,D,,,,,
,6,E,,,,,
,6,F,,,,,
,6,G,,,,,
,6,H,,,,,
,7,A,,,,,
,7,B,,,,,
,7,C,,,,,
,7,D,,,,,
,7,E,,,,,
,7,F,,,,,
,7,G,,,,,
,7,H,,,,,
,8,A,,,,,
,8,B,,,,,
,8,C,,,,,
,8,D,,,,,
,8,E,,,,,
,8,F,,,,,
,8,G,,,,,
,8,H,,,,,
,9,A,,,,,
,9,B,,,,,
,9,C,,,,,
,9,D,,,,,
,9,E,,,,,
,9,F,,,,,
,9,G,,,,,
,9,H,,,,,
,10,A,,,,,
,10,B,,,,,
,10,C,,,,,
,10,D,,,,,
,10,E,,,,,
,10,F,,,,,
,10,G,,,,,
,10,H,,,,,
,11,A,,,,,
,11,B,,,,,
,11,C,,,,,
,11,D,,,,,
,11,E,,,,,
,11,F,,,,,
,11,G,,,,,
,11,H,,,,,
,12,A,,,,,
,12,B,,,,,
,12,C,,,,,
,12,D,,,,,
,12,E,,,,,
,12,F,,,,,
,12,G,,,,,
,12,H,,,,,
MBH009,1,A,,,,,
,1,B,,,,,
,1,C,,,,,
,1,D,,,,,
,1,E,,,,,
,1,F,,,,,
,1,G,,,,,
,1,H,,,,,
,2,A,,,,,
,2,B,,,,,
,2,C,,,,,
,2,D,,,,,
,2,E,,,,,
,2,F,,,,,
,2,G,,,,,
,2,H,,,,,
,3,A,,,,,
,3,B,,,,,
,3,C,,,,,
,3,D,,,,,
,3,E,,,,,
,3,F,,,,,
,3,G,,,,,
,3,H,,,,,
,4,A,,,,,
,4,B,,,,,
,4,C,,,,,
,4,D,,,,,
,4,E,,,,,
,4,F,,,,,
,4,G,,,,,
,4,H,,,,,
,5,A,,,,,
,5,B,,,,,
,5,C,,,,,
,5,D,,,,,
,5,E,,,,,
,5,F,,,,,
,5,G,,,,,
,5,H,,,,,
,6,A,,,,,
,6,B,,,,,
,6,C,,,,,
,6,D,,,,,
,6,E,,,,,
,6,F,,,,,
,6,G,,,,,
,6,H,,,,,
,7,A,,,,,
,7,B,,,,,
,7,C,,,,,
,7,D,,,,,
,7,E,,,,,
,7,F,,,,,
,7,G,,,,,
,7,H,,,,,
,8,A,,,,,
,8,B,,,,,
,8,C,,,,,
,8,D,,,,,
,8,E,,,,,
,8,F,,,,,
,8,G,,,,,
,8,H,,,,,
,9,A,,,,,
,9,B,,,,,
,9,C,,,,,
,9,D,,,,,
,9,E,,,,,
,9,F,,,,,
,9,G,,,,,
,9,H,,,,,
,10,A,,,,,
,10,B,,,,,
,10,C,,,,,
,10,D,,,,,
,10,E,,,,,
,10,F,,,,,
,10,G,,,,,
,10,H,,,,,
,11,A,,,,,
,11,B,,,,,
,11,C,,,,,
,11,D,,,,,
,11,E,,,,,
,11,F,,,,,
,11,G,,,,,
,11,H,,,,,
,12,A,,,,,
,12,B,,,,,
,12,C,,,,,
,12,D,,,,,
,12,E,,,,,
,12,F,,,,,
,12,G,,,,,
,12,H,,,,,
MBH010,1,A,,,,,
,1,B,,,,,
,1,C,,,,,
,1,D,,,,,
,1,E,,,,,
,1,F,,,,,
,1,G,,,,,
,1,H,,,,,
,2,A,,,,,
,2,B,,,,,
,2,C,,,,,
,2,D,,,,,
,2,E,,,,,
,2,F,,,,,
,2,G,,,,,
,2,H,,,,,
,3,A,,,,,
,3,B,,,,,
,3,C,,,,,
,3,D,,,,,
,3,E,,,,,
,3,F,,,,,
,3,G,,,,,
,3,H,,,,,
,4,A,,,,,
,4,B,,,,,
,4,C,,,,,
,4,D,,,,,
,4,E,,,,,
,4,F,,,,,
,4,G,,,,,
,4,H,,,,,
,5,A,,,,,
,5,B,,,,,
,5,C,,,,,
,5,D,,,,,
,5,E,,,,,
,5,F,,,,,
,5,G,,,,,
,5,H,,,,,
,6,A,,,,,
,6,B,,,,,
,6,C,,,,,
,6,D,,,,,
,6,E,,,,,
,6,F,,,,,
,6,G,,,,,
,6,H,,,,,
,7,A,,,,,
,7,B,,,,,
,7,C,,,,,
,7,D,,,,,
,7,E,,,,,
,7,F,,,,,
,7,G,,,,,
,7,H,,,,,
,8,A,,,,,
,8,B,,,,,
,8,C,,,,,
,8,D,,,,,
,8,E,,,,,
,8,F,,,,,
,8,G,,,,,
,8,H,,,,,
,9,A,,,,,
,9,B,,,,,
,9,C,,,,,
,9,D,,,,,
,9,E,,,,,
,9,F,,,,,
,9,G,,,,,
,9,H,,,,,
,10,A,,,,,
,10,B,,,,,
,10,C,,,,,
,10,D,,,,,
,10,E,,,,,
,10,F,,,,,
,10,G,,,,,
,10,H,,,,,
,11,A,,,,,
,11,B,,,,,
,11,C,,,,,
,11,D,,,,,
,11,E,,,,,
,11,F,,,,,
,11,G,,,,,
,11,H,,,,,
,12,A,,,,,
,12,B,,,,,
,12,C,,,,,
,12,D,,,,,
,12,E,,,,,
,12,F,,,,,
,12,G,,,,,
,12,H,,,,,
MBH011,1,A,,,,,
,1,B,,,,,
,1,C,,,,,
,1,D,,,,,
,1,E,,,,,
,1,F,,,,,
,1,G,,,,,
,1,H,,,,,
,2,A,,,,,
,2,B,,,,,
,2,C,,,,,
,2,D,,,,,
,2,E,,,,,
,2,F,,,,,
,2,G,,,,,
,2,H,,,,,
,3,A,,,,,
,3,B,,,,,
,3,C,,,,,
,3,D,,,,,
,3,E,,,,,
,3,F,,,,,
,3,G,,,,,
,3,H,,,,,
,4,A,,,,,
,4,B,,,,,
,4,C,,,,,
,4,D,,,,,
,4,E,,,,,
,4,F,,,,,
,4,G,,,,,
,4,H,,,,,
,5,A,,,,,
,5,B,,,,,
,5,C,,,,,
,5,D,,,,,
,5,E,,,,,
,5,F,,,,,
,5,G,,,,,
,5,H,,,,,
,6,A,,,,,
,6,B,,,,,
,6,C,,,,,
,6,D,,,,,
,6,E,,,,,
,6,F,,,,,
,6,G,,,,,
,6,H,,,,,
,7,A,,,,,
,7,B,,,,,
,7,C,,,,,
,7,D,,,,,
,7,E,,,,,
,7,F,,,,,
,7,G,,,,,
,7,H,,,,,
,8,A,,,,,
,8,B,,,,,
,8,C,,,,,
,8,D,,,,,
,8,E,,,,,
,8,F,,,,,
,8,G,,,,,
,8,H,,,,,
,9,A,,,,,
,9,B,,,,,
,9,C,,,,,
,9,D,,,,,
,9,E,,,,,
,9,F,,,,,
,9,G,,,,,
,9,H,,,,,
,10,A,,,,,
,10,B,,,,,
,10,C,,,,,
,10,D,,,,,
,10,E,,,,,
,10,F,,,,,
,10,G,,,,,
,10,H,,,,,
,11,A,,,,,
,11,B,,,,,
,11,C,,,,,
,11,D,,,,,
,11,E,,,,,
,11,F,,,,,
,11,G,,,,,
,11,H,,,,,
,12,A,,,,,
,12,B,,,,,
,12,C,,,,,
,12,D,,,,,
,12,E,,,,,
,12,F,,,,,
,12,G,,,,,
,12,H,,,,,
MBH012,1,A,,,,,
,1,B,,,,,
,1,C,,,,,
,1,D,,,,,
,1,E,,,,,
,1,F,,,,,
,1,G,,,,,
,1,H,,,,,
,2,A,,,,,
,2,B,,,,,
,2,C,,,,,
,2,D,,,,,
,2,E,,,,,
,2,F,,,,,
,2,G,,,,,
,2,H,,,,,
,3,A,,,,,
,3,B,,,,,
,3,C,,,,,
,3,D,,,,,
,3,E,,,,,
,3,F,,,,,
,3,G,,,,,
,3,H,,,,,
,4,A,,,,,
,4,B,,,,,
,4,C,,,,,
,4,D,,,,,
,4,E,,,,,
,4,F,,,,,
,4,G,,,,,
,4,H,,,,,
,5,A,,,,,
,5,B,,,,,
,5,C,,,,,
,5,D,,,,,
,5,E,,,,,
,5,F,,,,,
,5,G,,,,,
,5,H,,,,,
,6,A,,,,,
,6,B,,,,,
,6,C,,,,,
,6,D,,,,,
,6,E,,,,,
,6,F,,,,,
,6,G,,,,,
,6,H,,,,,
,7,A,,,,,
,7,B,,,,,
,7,C,,,,,
,7,D,,,,,
,7,E,,,,,
,7,F,,,,,
,7,G,,,,,
,7,H,,,,,
,8,A,,,,,
,8,B,,,,,
,8,C,,,,,
,8,D,,,,,
,8,E,,,,,
,8,F,,,,,
,8,G,,,,,
,8,H,,,,,
,9,A,,,,,
,9,B,,,,,
,9,C,,,,,
,9,D,,,,,
,9,E,,,,,
,9,F,,,,,
,9,G,,,,,
,9,H,,,,,
,10,A,,,,,
,10,B,,,,,
,10,C,,,,,
,10,D,,,,,
,10,E,,,,,
,10,F,,,,,
,10,G,,,,,
,10,H,,,,,
,11,A,,,,,
,11,B,,,,,
,11,C,,,,,
,11,D,,,,,
,11,E,,,,,
,11,F,,,,,
,11,G,,,,,
,11,H,,,,,
,12,A,,,,,
,12,B,,,,,
,12,C,,,,,
,12,D,,,,,
,12,E,,,,,
,12,F,,,,,
,12,G,,,,,
,12,H,,,,,
MBH013,1,A,,,,,
,1,B,,,,,
,1,C,,,,,
,1,D,,,,,
,1,E,,,,,
,1,F,,,,,
,1,G,,,,,
,1,H,,,,,
,2,A,,,,,
,2,B,,,,,
,2,C,,,,,
,2,D,,,,,
,2,E,,,,,
,2,F,,,,,
,2,G,,,,,
,2,H,,,,,
,3,A,,,,,
,3,B,,,,,
,3,C,,,,,
,3,D,,,,,
,3,E,,,,,
,3,F,,,,,
,3,G,,,,,
,3,H,,,,,
,4,A,,,,,
,4,B,,,,,
,4,C,,,,,
,4,D,,,,,
,4,E,,,,,
,4,F,,,,,
,4,G,,,,,
,4,H,,,,,
,5,A,,,,,
,5,B,,,,,
,5,C,,,,,
,5,D,,,,,
,5,E,,,,,
,5,F,,,,,
,5,G,,,,,
,5,H,,,,,
,6,A,,,,,
,6,B,,,,,
,6,C,,,,,
,6,D,,,,,
,6,E,,,,,
,6,F,,,,,
,6,G,,,,,
,6,H,,,,,
,7,A,,,,,
,7,B,,,,,
,7,C,,,,,
,7,D,,,,,
,7,E,,,,,
,7,F,,,,,
,7,G,,,,,
,7,H,,,,,
,8,A,,,,,
,8,B,,,,,
,8,C,,,,,
,8,D,,,,,
,8,E,,,,,
,8,F,,,,,
,8,G,,,,,
,8,H,,,,,
,9,A,,,,,
,9,B,,,,,
,9,C,,,,,
,9,D,,,,,
,9,E,,,,,
,9,F,,,,,
,9,G,,,,,
,9,H,,,,,
,10,A,,,,,
,10,B,,,,,
,10,C,,,,,
,10,D,,,,,
,10,E,,,,,
,10,F,,,,,
,10,G,,,,,
,10,H,,,,,
,11,A,,,,,
,11,B,,,,,
,11,C,,,,,
,11,D,,,,,
,11,E,,,,,
,11,F,,,,,
,11,G,,,,,
,11,H,,,,,
,12,A,,,,,
,12,B,,,,,
,12,C,,,,,
,12,D,,,,,
,12,E,,,,,
,12,F,,,,,
,12,G,,,,,
,12,H,,,,,
MBH014,1,A,,,,,
,1,B,,,,,
,1,C,,,,,
,1,D,,,,,
,1,E,,,,,
,1,F,,,,,
,1,G,,,,,
,1,H,,,,,
,2,A,,,,,
,2,B,,,,,
,2,C,,,,,
,2,D,,,,,
,2,E,,,,,
,2,F,,,,,
,2,G,,,,,
,2,H,,,,,
,3,A,,,,,
,3,B,,,,,
,3,C,,,,,
,3,D,,,,,
,3,E,,,,,
,3,F,,,,,
,3,G,,,,,
,3,H,,,,,
,4,A,,,,,
,4,B,,,,,
,4,C,,,,,
,4,D,,,,,
,4,E,,,,,
,4,F,,,,,
,4,G,,,,,
,4,H,,,,,
,5,A,,,,,
,5,B,,,,,
,5,C,,,,,
,5,D,,,,,
,5,E,,,,,
,5,F,,,,,
,5,G,,,,,
,5,H,,,,,
,6,A,,,,,
,6,B,,,,,
,6,C,,,,,
,6,D,,,,,
,6,E,,,,,
,6,F,,,,,
,6,G,,,,,
,6,H,,,,,
,7,A,,,,,
,7,B,,,,,
,7,C,,,,,
,7,D,,,,,
,7,E,,,,,
,7,F,,,,,
,7,G,,,,,
,7,H,,,,,
,8,A,,,,,
,8,B,,,,,
,8,C,,,,,
,8,D,,,,,
,8,E,,,,,
,8,F,,,,,
,8,G,,,,,
,8,H,,,,,
,9,A,,,,,
,9,B,,,,,
,9,C,,,,,
,9,D,,,,,
,9,E,,,,,
,9,F,,,,,
,9,G,,,,,
,9,H,,,,,
,10,A,,,,,
,10,B,,,,,
,10,C,,,,,
,10,D,,,,,
,10,E,,,,,
,10,F,,,,,
,10,G,,,,,
,10,H,,,,,
,11,A,,,,,
,11,B,,,,,
,11,C,,,,,
,11,D,,,,,
,11,E,,,,,
,11,F,,,,,
,11,G,,,,,
,11,H,,,,,
,12,A,,,,,
,12,B,,,,,
,12,C,,,,,
,12,D,,,,,
,12,E,,,,,
,12,F,,,,,
,12,G,,,,,
,12,H,,,,,
MBH015,1,A,,,,,
,1,B,,,,,
,1,C,,,,,
,1,D,,,,,
,1,E,,,,,
,1,F,,,,,
,1,G,,,,,
,1,H,,,,,
,2,A,,,,,
,2,B,,,,,
,2,C,,,,,
,2,D,,,,,
,2,E,,,,,
,2,F,,,,,
,2,G,,,,,
,2,H,,,,,
,3,A,,,,,
,3,B,,,,,
,3,C,,,,,
,3,D,,,,,
,3,E,,,,,
,3,F,,,,,
,3,G,,,,,
,3,H,,,,,
,4,A,,,,,
,4,B,,,,,
,4,C,,,,,
,4,D,,,,,
,4,E,,,,,
,4,F,,,,,
,4,G,,,,,
,4,H,,,,,
,5,A,,,,,
,5,B,,,,,
,5,C,,,,,
,5,D,,,,,
,5,E,,,,,
,5,F,,,,,
,5,G,,,,,
,5,H,,,,,
,6,A,,,,,
,6,B,,,,,
,6,C,,,,,
,6,D,,,,,
,6,E,,,,,
,6,F,,,,,
,6,G,,,,,
,6,H,,,,,
,7,A,,,,,
,7,B,,,,,
,7,C,,,,,
,7,D,,,,,
,7,E,,,,,
,7,F,,,,,
,7,G,,,,,
,7,H,,,,,
,8,A,,,,,
,8,B,,,,,
,8,C,,,,,
,8,D,,,,,
,8,E,,,,,
,8,F,,,,,
,8,G,,,,,
,8,H,,,,,
,9,A,,,,,
,9,B,,,,,
,9,C,,,,,
,9,D,,,,,
,9,E,,,,,
,9,F,,,,,
,9,G,,,,,
,9,H,,,,,
,10,A,,,,,
,10,B,,,,,
,10,C,,,,,
,10,D,,,,,
,10,E,,,,,
,10,F,,,,,
,10,G,,,,,
,10,H,,,,,
,11,A,,,,,
,11,B,,,,,
,11,C,,,,,
,11,D,,,,,
,11,E,,,,,
,11,F,,,,,
,11,G,,,,,
,11,H,,,,,
,12,A,,,,,
,12,B,,,,,
,12,C,,,,,
,12,D,,,,,
,12,E,,,,,
,12,F,,,,,
,12,G,,,,,
,12,H,,,,,
MBH016,1,A,28 Aug 2024,MBH-1319,H,,
,1,B,28 Aug 2024,MBH-1319,H,,
,1,C,28 Aug 2024,MBH-1319,H,,
,1,D,28 Aug 2024,MBH-1319,I,,
,1,E,28 Aug 2024,MBH-1319,R,,
,1,F,28 Aug 2024,MBH-1319,I,,
,1,G,28 Aug 2024,MBH-1319,R,,
,1,H,28 Aug 2024,MBH-1319,H,,
,2,A,28 Aug 2024,MBH-1315,I,,
,2,B,28 Aug 2024,MBH-1315,H,,
,2,C,28 Aug 2024,MBH-1315,U,,
,2,D,28 Aug 2024,MBH-1315,U,,
,2,E,28 Aug 2024,MBH-1315,U,,
,2,F,28 Aug 2024,MBH-1324,K,,
,2,G,28 Aug 2024,MBH-1324,K,,
,2,H,28 Aug 2024,MBH-1324,K,,
,3,A,28 Aug 2024,MBH-1329,K,,
,3,B,28 Aug 2024,MBH-1329,R,,
,3,C,28 Aug 2024,MBH-1329,R,,
,3,D,28 Aug 2024,MBH-1329,R,,
,3,E,28 Aug 2024,MBH-1329,R,,
,3,F,28 Aug 2024,MBH-1329,R,,
,3,G,28 Aug 2024,MBH-1329,K,,
,3,H,28 Aug 2024,MBH-1329,K,,
,4,A,28 Aug 2024,MBH-1333,I,,
,4,B,28 Aug 2024,MBH-1333,R,,
,4,C,28 Aug 2024,MBH-1333,R,,
,4,D,28 Aug 2024,MBH-1333,I,,
,4,E,28 Aug 2024,MBH-1333,H,,
,4,F,28 Aug 2024,MBH-1333,K,,
,4,G,28 Aug 2024,MBH-1333,K,,
,4,H,28 Aug 2024,MBH-1333,H,,
,5,A,28 Aug 2024,MBH-1336,P,,
,5,B,28 Aug 2024,MBH-1336,A,,
,5,C,28 Aug 2024,MBH-1336,P,,
,5,D,28 Aug 2024,MBH-1336,P,,
,5,E,28 Aug 2024,MBH-1336,P,,
,5,F,28 Aug 2024,MBH-1324,P,,
,5,G,28 Aug 2024,MBH-1324,A,,
,5,H,28 Aug 2024,,NEGCTRL,,
,6,A,28 Aug 2024,MBH-1335,H,,
,6,B,28 Aug 2024,MBH-1335,H,,
,6,C,28 Aug 2024,MBH-1335,H,,
,6,D,28 Aug 2024,MBH-1335,H,,
,6,E,28 Aug 2024,MBH-1335,H,,
,6,F,28 Aug 2024,MBH-1335,H,,
,6,G,28 Aug 2024,MBH-1335,H,,
,6,H,28 Aug 2024,MBH-1335,H,,
,7,A,28 Aug 2024,MBH-1353,I,,
,7,B,28 Aug 2024,MBH-1353,N,,
,7,C,28 Aug 2024,MBH-1353,Q,,
,7,D,28 Aug 2024,MBH-1353,Q,,
,7,E,28 Aug 2024,MBH-1353,I,,
,7,F,28 Aug 2024,MBH-1353,R,,
,7,G,28 Aug 2024,MBH-1353,R,,
,7,H,28 Aug 2024,MBH-1353,R,,
,8,A,28 Aug 2024,MBH-1317,G,,
,8,B,28 Aug 2024,MBH-1317,L,,
,8,C,28 Aug 2024,MBH-1317,L,,
,8,D,28 Aug 2024,MBH-1317,G,,
,8,E,28 Aug 2024,,NEGCTRL,,
,8,F,28 Aug 2024,,NEGCTRL,,
,8,G,28 Aug 2024,,NEGCTRL,,
,8,H,28 Aug 2024,,NEGCTRL,,
,9,A,29 Aug 2024,MBH-1347,I,,
,9,B,29 Aug 2024,MBH-1347,P,,
,9,C,29 Aug 2024,MBH-1347,Q,,
,9,D,29 Aug 2024,MBH-1347,Q,,
,9,E,29 Aug 2024,MBH-1347,Q,,
,9,F,29 Aug 2024,MBH-1347,X,,
,9,G,29 Aug 2024,MBH-1347,P,,
,9,H,29 Aug 2024,MBH-1347,X,,
,10,A,29 Aug 2024,MBH-1334,J,,
,10,B,29 Aug 2024,MBH-1334,O,,
,10,C,29 Aug 2024,MBH-1334,O,,
,10,D,29 Aug 2024,MBH-1334,J,,
,10,E,29 Aug 2024,MBH-1334,O,,
,10,F,29 Aug 2024,MBH-1334,P,,
,10,G,29 Aug 2024,MBH-1334,J,,
,10,H,29 Aug 2024,MBH-1334,O,,
,11,A,29 Aug 2024,MBH-1331,B-OAK,,Y
,11,B,29 Aug 2024,MBH-1331,B-OAK,,Y
,11,C,29 Aug 2024,MBH-1331,B-OAK,,Y
,11,D,29 Aug 2024,MBH-1331,B-OAK,,Y
,11,E,29 Aug 2024,MBH-1331,B-OAK,,Y
,11,F,29 Aug 2024,MBH-1331,B-OAK,,Y
,11,G,29 Aug 2024,MBH-1331,B-OAK,,Y
,11,H,29 Aug 2024,MBH-1331,B-OAK,,Y
,12,A,29 Aug 2024,MBH-1331,L,,
,12,B,29 Aug 2024,MBH-1331,L,,
,12,C,29 Aug 2024,MBH-1331,L,,
,12,D,29 Aug 2024,MBH-1331,L,,
,12,E,29 Aug 2024,MBH-1331,J,,
,12,F,29 Aug 2024,MBH-1331,J,,
,12,G,29 Aug 2024,MBH-1331,J,,
,12,H,29 Aug 2024,,NEGCTRL,,
MBH017,1,A,12 Sep 2024,MBH-1330,P,,
,1,B,12 Sep 2024,MBH-1330,P,,
,1,C,12 Sep 2024,MBH-1330,P,,
,1,D,12 Sep 2024,MBH-1330,P,,
,1,E,12 Sep 2024,MBH-1330,P,,
,1,F,12 Sep 2024,MBH-1330,P,,
,1,G,12 Sep 2024,MBH-1330,P,,
,1,H,12 Sep 2024,,NEGCTRL,,
,2,A,12 Sep 2024,MBH-1337,J,,
,2,B,12 Sep 2024,MBH-1337,J,,
,2,C,12 Sep 2024,MBH-1337,P,,
,2,D,12 Sep 2024,MBH-1337,H,,
,2,E,12 Sep 2024,MBH-1337,P,,
,2,F,12 Sep 2024,MBH-1337,P,,
,2,G,12 Sep 2024,MBH-1337,P,,
,2,H,12 Sep 2024,MBH-1337,V,,
,3,A,13 Sep 2024,MBH-1344,P,,
,3,B,13 Sep 2024,MBH-1344,P,,
,3,C,13 Sep 2024,MBH-1344,P,,
,3,D,13 Sep 2024,MBH-1344,P,,
,3,E,13 Sep 2024,MBH-1344,P,,
,3,F,13 Sep 2024,MBH-1344,P,,
,3,G,13 Sep 2024,MBH-1344,P,,
,3,H,13 Sep 2024,MBH-1344,P,,
,4,A,13 Sep 2024,MBH-1344,I-OAK,,Y
,4,B,13 Sep 2024,MBH-1344,P-OAK,,Y
,4,C,13 Sep 2024,MBH-1344,A-OAK,,Y
,4,D,13 Sep 2024,MBH-1344,A-OAK,,Y
,4,E,13 Sep 2024,MBH-1344,A-OAK,,Y
,4,F,13 Sep 2024,MBH-1344,A-OAK,,Y
,4,G,13 Sep 2024,MBH-1344,A-OAK,,Y
,4,H,13 Sep 2024,MBH-1344,C-OAK,,Y
,5,A,19 Sep 2024,MBH-1341,J,,
,5,B,19 Sep 2024,MBH-1341,J,,
,5,C,19 Sep 2024,MBH-1341,J,,
,5,D,19 Sep 2024,MBH-1341,J,,
,5,E,19 Sep 2024,MBH-1341,J,,
,5,F,19 Sep 2024,MBH-1341,P,,
,5,G,19 Sep 2024,MBH-1341,J,,
,5,H,19 Sep 2024,MBH-1341,J,,
,6,A,19 Sep 2024,MBH-1326,D,,
,6,B,19 Sep 2024,MBH-1326,D,,
,6,C,19 Sep 2024,MBH-1326,D,,
,6,D,19 Sep 2024,MBH-1326,X,,
,6,E,19 Sep 2024,MBH-1326,V,,
,6,F,19 Sep 2024,MBH-1326,V,,
,6,G,19 Sep 2024,MBH-1326,U,,
,6,H,19 Sep 2024,MBH-1326,U,,
,7,A,20 Sep 2024,MBH-1345,K,,
,7,B,20 Sep 2024,MBH-1345,U,,
,7,C,20 Sep 2024,MBH-1345,U,,
,7,D,20 Sep 2024,MBH-1345,K,,
,7,E,20 Sep 2024,MBH-1345,Z,,
,7,F,20 Sep 2024,MBH-1345,Z-OAK,,Y
,7,G,20 Sep 2024,MBH-1345,H-OAK,,Y
,7,H,20 Sep 2024,MBH-1345,I-OAK,,Y
,8,A,24 Sep 2024,MBH-1340,J,all dead looking,
,8,B,24 Sep 2024,MBH-1340,J,all dead looking,
,8,C,24 Sep 2024,MBH-1340,J,all dead looking,
,8,D,24 Sep 2024,MBH-1340,J,all dead looking,
,8,E,24 Sep 2024,MBH-1340,J,all dead looking,
,8,F,24 Sep 2024,MBH-1340,J,all dead looking,
,8,G,24 Sep 2024,MBH-1340,J,all dead looking,
,8,H,24 Sep 2024,MBH-1340,J,all dead looking,
,9,A,24 Sep 2024,MBH-1351,H,,
,9,B,24 Sep 2024,MBH-1351,H,,
,9,C,24 Sep 2024,MBH-1351,H,,
,9,D,24 Sep 2024,MBH-1351,H,,
,9,E,24 Sep 2024,MBH-1351,H,,
,9,F,24 Sep 2024,MBH-1351,H,,
,9,G,24 Sep 2024,MBH-1351,Q,,
,9,H,24 Sep 2024,MBH-1351,H,,
,10,A,24 Sep 2024,MBH-1316,N,,
,10,B,24 Sep 2024,MBH-1316,H,,
,10,C,24 Sep 2024,MBH-1316,H,,
,10,D,24 Sep 2024,MBH-1316,N,,
,10,E,24 Sep 2024,MBH-1316,A,,
,10,F,24 Sep 2024,MBH-1316,N,,
,10,G,24 Sep 2024,MBH-1316,J,,
,10,H,24 Sep 2024,MBH-1316,A,,
,11,A,24 Sep 2024,MBH-1354,P,,
,11,B,24 Sep 2024,MBH-1354,P,,
,11,C,24 Sep 2024,MBH-1354,P,,
,11,D,24 Sep 2024,MBH-1354,Q,,
,11,E,24 Sep 2024,MBH-1354,U,,
,11,F,24 Sep 2024,MBH-1354,U,,
,11,G,24 Sep 2024,MBH-1354,P,,
,11,H,24 Sep 2024,MBH-1354,P,,
,12,A,24 Sep 2024,MBH-1343,Q,,
,12,B,24 Sep 2024,MBH-1343,P,,
,12,C,24 Sep 2024,MBH-1343,P,,
,12,D,24 Sep 2024,MBH-1343,Q,,
,12,E,24 Sep 2024,MBH-1343,P,,
,12,F,24 Sep 2024,MBH-1343,P,,
,12,G,24 Sep 2024,MBH-1343,P,,
,12,H,24 Sep 2024,MBH-1343,P,,
MBH018,1,A,,,,,
,1,B,,,,,
,1,C,,,,,
,1,D,,,,,
,1,E,,,,,
,1,F,,,,,
,1,G,,,,,
,1,H,,,,,
,2,A,,,,,
,2,B,,,,,
,2,C,,,,,
,2,D,,,,,
,2,E,,,,,
,2,F,,,,,
,2,G,,,,,
,2,H,,,,,
,3,A,,,,,
,3,B,,,,,
,3,C,,,,,
,3,D,,,,,
,3,E,,,,,
,3,F,,,,,
,3,G,,,,,
,3,H,,,,,
,4,A,,,,,
,4,B,,,,,
,4,C,,,,,
,4,D,,,,,
,4,E,,,,,
,4,F,,,,,
,4,G,,,,,
,4,H,,,,,
,5,A,,,,,
,5,B,,,,,
,5,C,,,,,
,5,D,,,,,
,5,E,,,,,
,5,F,,,,,
,5,G,,,,,
,5,H,,,,,
,6,A,,,,,
,6,B,,,,,
,6,C,,,,,
,6,D,,,,,
,6,E,,,,,
,6,F,,,,,
,6,G,,,,,
,6,H,,,,,
,7,A,,,,,
,7,B,,,,,
,7,C,,,,,
,7,D,,,,,
,7,E,,,,,
,7,F,,,,,
,7,G,,,,,
,7,H,,,,,
,8,A,,,,,
,8,B,,,,,
,8,C,,,,,
,8,D,,,,,
,8,E,,,,,
,8,F,,,,,
,8,G,,,,,
,8,H,,,,,
,9,A,,,,,
,9,B,,,,,
,9,C,,,,,
,9,D,,,,,
,9,E,,,,,
,9,F,,,,,
,9,G,,,,,
,9,H,,,,,
,10,A,,,,,
,10,B,,,,,
,10,C,,,,,
,10,D,,,,,
,10,E,,,,,
,10,F,,,,,
,10,G,,,,,
,10,H,,,,,
,11,A,,,,,
,11,B,,,,,
,11,C,,,,,
,11,D,,,,,
,11,E,,,,,
,11,F,,,,,
,11,G,,,,,
,11,H,,,,,
,12,A,,,,,
,12,B,,,,,
,12,C,,,,,
,12,D,,,,,
,12,E,,,,,
,12,F,,,,,
,12,G,,,,,
,12,H,,,,,
MBH019,1,A,,,,,
,1,B,,,,,
,1,C,,,,,
,1,D,,,,,
,1,E,,,,,
,1,F,,,,,
,1,G,,,,,
,1,H,,,,,
,2,A,,,,,
,2,B,,,,,
,2,C,,,,,
,2,D,,,,,
,2,E,,,,,
,2,F,,,,,
,2,G,,,,,
,2,H,,,,,
,3,A,,,,,
,3,B,,,,,
,3,C,,,,,
,3,D,,,,,
,3,E,,,,,
,3,F,,,,,
,3,G,,,,,
,3,H,,,,,
,4,A,,,,,
,4,B,,,,,
,4,C,,,,,
,4,D,,,,,
,4,E,,,,,
,4,F,,,,,
,4,G,,,,,
,4,H,,,,,
,5,A,,,,,
,5,B,,,,,
,5,C,,,,,
,5,D,,,,,
,5,E,,,,,
,5,F,,,,,
,5,G,,,,,
,5,H,,,,,
,6,A,,,,,
,6,B,,,,,
,6,C,,,,,
,6,D,,,,,
,6,E,,,,,
,6,F,,,,,
,6,G,,,,,
,6,H,,,,,
,7,A,,,,,
,7,B,,,,,
,7,C,,,,,
,7,D,,,,,
,7,E,,,,,
,7,F,,,,,
,7,G,,,,,
,7,H,,,,,
,8,A,,,,,
,8,B,,,,,
,8,C,,,,,
,8,D,,,,,
,8,E,,,,,
,8,F,,,,,
,8,G,,,,,
,8,H,,,,,
,9,A,,,,,
,9,B,,,,,
,9,C,,,,,
,9,D,,,,,
,9,E,,,,,
,9,F,,,,,
,9,G,,,,,
,9,H,,,,,
,10,A,,,,,
,10,B,,,,,
,10,C,,,,,
,10,D,,,,,
,10,E,,,,,
,10,F,,,,,
,10,G,,,,,
,10,H,,,,,
,11,A,,,,,
,11,B,,,,,
,11,C,,,,,
,11,D,,,,,
,11,E,,,,,
,11,F,,,,,
,11,G,,,,,
,11,H,,,,,
,12,A,,,,,
,12,B,,,,,
,12,C,,,,,
,12,D,,,,,
,12,E,,,,,
,12,F,,,,,
,12,G,,,,,
,12,H,,,,,
MBH020,1,A,,,,,
,1,B,,,,,
,1,C,,,,,
,1,D,,,,,
,1,E,,,,,
,1,F,,,,,
,1,G,,,,,
,1,H,,,,,
,2,A,,,,,
,2,B,,,,,
,2,C,,,,,
,2,D,,,,,
,2,E,,,,,
,2,F,,,,,
,2,G,,,,,
,2,H,,,,,
,3,A,,,,,
,3,B,,,,,
,3,C,,,,,
,3,D,,,,,
,3,E,,,,,
,3,F,,,,,
,3,G,,,,,
,3,H,,,,,
,4,A,,,,,
,4,B,,,,,
,4,C,,,,,
,4,D,,,,,
,4,E,,,,,
,4,F,,,,,
,4,G,,,,,
,4,H,,,,,
,5,A,,,,,
,5,B,,,,,
,5,C,,,,,
,5,D,,,,,
,5,E,,,,,
,5,F,,,,,
,5,G,,,,,
,5,H,,,,,
,6,A,,,,,
,6,B,,,,,
,6,C,,,,,
,6,D,,,,,
,6,E,,,,,
,6,F,,,,,
,6,G,,,,,
,6,H,,,,,
,7,A,,,,,
,7,B,,,,,
,7,C,,,,,
,7,D,,,,,
,7,E,,,,,
,7,F,,,,,
,7,G,,,,,
,7,H,,,,,
,8,A,,,,,
,8,B,,,,,
,8,C,,,,,
,8,D,,,,,
,8,E,,,,,
,8,F,,,,,
,8,G,,,,,
,8,H,,,,,
,9,A,,,,,
,9,B,,,,,
,9,C,,,,,
,9,D,,,,,
,9,E,,,,,
,9,F,,,,,
,9,G,,,,,
,9,H,,,,,
,10,A,,,,,
,10,B,,,,,
,10,C,,,,,
,10,D,,,,,
,10,E,,,,,
,10,F,,,,,
,10,G,,,,,
,10,H,,,,,
,11,A,,,,,
,11,B,,,,,
,11,C,,,,,
,11,D,,,,,
,11,E,,,,,
,11,F,,,,,
,11,G,,,,,
,11,H,,,,,
,12,A,,,,,
,12,B,,,,,
,12,C,,,,,
,12,D,,,,,
,12,E,,,,,
,12,F,,,,,
,12,G,,,,,
,12,H,,,,,
MBH021,1,A,,,,,
,1,B,,,,,
,1,C,,,,,
,1,D,,,,,
,1,E,,,,,
,1,F,,,,,
,1,G,,,,,
,1,H,,,,,
,2,A,,,,,
,2,B,,,,,
,2,C,,,,,
,2,D,,,,,
,2,E,,,,,
,2,F,,,,,
,2,G,,,,,
,2,H,,,,,
,3,A,,,,,
,3,B,,,,,
,3,C,,,,,
,3,D,,,,,
,3,E,,,,,
,3,F,,,,,
,3,G,,,,,
,3,H,,,,,
,4,A,,,,,
,4,B,,,,,
,4,C,,,,,
,4,D,,,,,
,4,E,,,,,
,4,F,,,,,
,4,G,,,,,
,4,H,,,,,
,5,A,,,,,
,5,B,,,,,
,5,C,,,,,
,5,D,,,,,
,5,E,,,,,
,5,F,,,,,
,5,G,,,,,
,5,H,,,,,
,6,A,,,,,
,6,B,,,,,
,6,C,,,,,
,6,D,,,,,
,6,E,,,,,
,6,F,,,,,
,6,G,,,,,
,6,H,,,,,
,7,A,,,,,
,7,B,,,,,
,7,C,,,,,
,7,D,,,,,
,7,E,,,,,
,7,F,,,,,
,7,G,,,,,
,7,H,,,,,
,8,A,,,,,
,8,B,,,,,
,8,C,,,,,
,8,D,,,,,
,8,E,,,,,
,8,F,,,,,
,8,G,,,,,
,8,H,,,,,
,9,A,,,,,
,9,B,,,,,
,9,C,,,,,
,9,D,,,,,
,9,E,,,,,
,9,F,,,,,
,9,G,,,,,
,9,H,,,,,
,10,A,,,,,
,10,B,,,,,
,10,C,,,,,
,10,D,,,,,
,10,E,,,,,
,10,F,,,,,
,10,G,,,,,
,10,H,,,,,
,11,A,,,,,
,11,B,,,,,
,11,C,,,,,
,11,D,,,,,
,11,E,,,,,
,11,F,,,,,
,11,G,,,,,
,11,H,,,,,
,12,A,,,,,
,12,B,,,,,
,12,C,,,,,
,12,D,,,,,
,12,E,,,,,
,12,F,,,,,
,12,G,,,,,
,12,H,,,,,
MBH022,1,A,,,,,
,1,B,,,,,
,1,C,,,,,
,1,D,,,,,
,1,E,,,,,
,1,F,,,,,
,1,G,,,,,
,1,H,,,,,
,2,A,,,,,
,2,B,,,,,
,2,C,,,,,
,2,D,,,,,
,2,E,,,,,
,2,F,,,,,
,2,G,,,,,
,2,H,,,,,
,3,A,,,,,
,3,B,,,,,
,3,C,,,,,
,3,D,,,,,
,3,E,,,,,
,3,F,,,,,
,3,G,,,,,
,3,H,,,,,
,4,A,,,,,
,4,B,,,,,
,4,C,,,,,
,4,D,,,,,
,4,E,,,,,
,4,F,,,,,
,4,G,,,,,
,4,H,,,,,
,5,A,,,,,
,5,B,,,,,
,5,C,,,,,
,5,D,,,,,
,5,E,,,,,
,5,F,,,,,
,5,G,,,,,
,5,H,,,,,
,6,A,,,,,
,6,B,,,,,
,6,C,,,,,
,6,D,,,,,
,6,E,,,,,
,6,F,,,,,
,6,G,,,,,
,6,H,,,,,
,7,A,,,,,
,7,B,,,,,
,7,C,,,,,
,7,D,,,,,
,7,E,,,,,
,7,F,,,,,
,7,G,,,,,
,7,H,,,,,
,8,A,,,,,
,8,B,,,,,
,8,C,,,,,
,8,D,,,,,
,8,E,,,,,
,8,F,,,,,
,8,G,,,,,
,8,H,,,,,
,9,A,,,,,
,9,B,,,,,
,9,C,,,,,
,9,D,,,,,
,9,E,,,,,
,9,F,,,,,
,9,G,,,,,
,9,H,,,,,
,10,A,,,,,
,10,B,,,,,
,10,C,,,,,
,10,D,,,,,
,10,E,,,,,
,10,F,,,,,
,10,G,,,,,
,10,H,,,,,
,11,A,,,,,
,11,B,,,,,
,11,C,,,,,
,11,D,,,,,
,11,E,,,,,
,11,F,,,,,
,11,G,,,,,
,11,H,,,,,
,12,A,,,,,
,12,B,,,,,
,12,C,,,,,
,12,D,,,,,
,12,E,,,,,
,12,F,,,,,
,12,G,,,,,
,12,H,,,,,
MBH023,1,A,,,,,
,1,B,,,,,
,1,C,,,,,
,1,D,,,,,
,1,E,,,,,
,1,F,,,,,
,1,G,,,,,
,1,H,,,,,
,2,A,,,,,
,2,B,,,,,
,2,C,,,,,
,2,D,,,,,
,2,E,,,,,
,2,F,,,,,
,2,G,,,,,
,2,H,,,,,
,3,A,,,,,
,3,B,,,,,
,3,C,,,,,
,3,D,,,,,
,3,E,,,,,
,3,F,,,,,
,3,G,,,,,
,3,H,,,,,
,4,A,,,,,
,4,B,,,,,
,4,C,,,,,
,4,D,,,,,
,4,E,,,,,
,4,F,,,,,
,4,G,,,,,
,4,H,,,,,
,5,A,,,,,
,5,B,,,,,
,5,C,,,,,
,5,D,,,,,
,5,E,,,,,
,5,F,,,,,
,5,G,,,,,
,5,H,,,,,
,6,A,,,,,
,6,B,,,,,
,6,C,,,,,
,6,D,,,,,
,6,E,,,,,
,6,F,,,,,
,6,G,,,,,
,6,H,,,,,
,7,A,,,,,
,7,B,,,,,
,7,C,,,,,
,7,D,,,,,
,7,E,,,,,
,7,F,,,,,
,7,G,,,,,
,7,H,,,,,
,8,A,,,,,
,8,B,,,,,
,8,C,,,,,
,8,D,,,,,
,8,E,,,,,
,8,F,,,,,
,8,G,,,,,
,8,H,,,,,
,9,A,,,,,
,9,B,,,,,
,9,C,,,,,
,9,D,,,,,
,9,E,,,,,
,9,F,,,,,
,9,G,,,,,
,9,H,,,,,
,10,A,,,,,
,10,B,,,,,
,10,C,,,,,
,10,D,,,,,
,10,E,,,,,
,10,F,,,,,
,10,G,,,,,
,10,H,,,,,
,11,A,,,,,
,11,B,,,,,
,11,C,,,,,
,11,D,,,,,
,11,E,,,,,
,11,F,,,,,
,11,G,,,,,
,11,H,,,,,
,12,A,,,,,
,12,B,,,,,
,12,C,,,,,
,12,D,,,,,
,12,E,,,,,
,12,F,,,,,
,12,G,,,,,
,12,H,,,,,
MBH024,1,A,,,,,
,1,B,,,,,
,1,C,,,,,
,1,D,,,,,
,1,E,,,,,
,1,F,,,,,
,1,G,,,,,
,1,H,,,,,
,2,A,,,,,
,2,B,,,,,
,2,C,,,,,
,2,D,,,,,
,2,E,,,,,
,2,F,,,,,
,2,G,,,,,
,2,H,,,,,
,3,A,,,,,
,3,B,,,,,
,3,C,,,,,
,3,D,,,,,
,3,E,,,,,
,3,F,,,,,
,3,G,,,,,
,3,H,,,,,
,4,A,,,,,
,4,B,,,,,
,4,C,,,,,
,4,D,,,,,
,4,E,,,,,
,4,F,,,,,
,4,G,,,,,
,4,H,,,,,
,5,A,,,,,
,5,B,,,,,
,5,C,,,,,
,5,D,,,,,
,5,E,,,,,
,5,F,,,,,
,5,G,,,,,
,5,H,,,,,
,6,A,,,,,
,6,B,,,,,
,6,C,,,,,
,6,D,,,,,
,6,E,,,,,
,6,F,,,,,
,6,G,,,,,
,6,H,,,,,
,7,A,,,,,
,7,B,,,,,
,7,C,,,,,
,7,D,,,,,
,7,E,,,,,
,7,F,,,,,
,7,G,,,,,
,7,H,,,,,
,8,A,,,,,
,8,B,,,,,
,8,C,,,,,
,8,D,,,,,
,8,E,,,,,
,8,F,,,,,
,8,G,,,,,
,8,H,,,,,
,9,A,,,,,
,9,B,,,,,
,9,C,,,,,
,9,D,,,,,
,9,E,,,,,
,9,F,,,,,
,9,G,,,,,
,9,H,,,,,
,10,A,,,,,
,10,B,,,,,
,10,C,,,,,
,10,D,,,,,
,10,E,,,,,
,10,F,,,,,
,10,G,,,,,
,10,H,,,,,
,11,A,,,,,
,11,B,,,,,
,11,C,,,,,
,11,D,,,,,
,11,E,,,,,
,11,F,,,,,
,11,G,,,,,
,11,H,,,,,
,12,A,,,,,
,12,B,,,,,
,12,C,,,,,
,12,D,,,,,
,12,E,,,,,
,12,F,,,,,
,12,G,,,,,
,12,H,,,,,