Name,Created Date,Description,Modified,Molecule Type,Sequence,Sequence List Name,Topology,URN
Contig 1,,46 reads from MBH assembled using Geneious,Fri Oct 25 14:09:50 PDT 2024,DNA,TCGCGGAGGATCATTACCGAATTGTCAACACGGGTTGTTGCTGGTCTCCAAACTGGGGGCACGTGCACACTCTGTTTACACATCCACCCACACCTGTGCACCCTCTGTAGTTCTATGGCCTGGGTGACTTTGTCCCCTTGTTGTGGTTCTACATCTTTACACACACACTACCGCAAAGTCTCATGGAATGTTGCCGCGTTTAACGCAATACAATACAACTTTCAGCAACGGATCTCTTGGCTCTCGCATCGATGAAGAACGCAGCGAAATGCGATAAGTAATGTGAATTGCAGAATTCAGTGAATCATCGAATCTTTGAACGCACCTTGCGCCCTTTGGCTATTCTGAAGGGCATGCCTGTTTGAGTATCATGAACACCTCAACTCCTCATGGCTTGCCATGATGAGCTTGGACTTTGGGGGTCTTGCTGGCCTACGGTTGGCTCCTCTCAAATGGATCAGCTTGCCAGTGTTTGGTGGCATCACAGGTGTGATAAAATATCTACGCTTGTGGCTTTCCACCCATGTAACCTTTTAGCAANTAAAAGGTTCACTGCAGCTCACAAAACGTGTCCCCTCCCTCTGCGAGGACAGCTTTTTGGAACGTTTGATCTCAAATCANGTAGGATTACCNGCTGAAC,Consensus Sequences,linear,
Contig 2,,27 reads from MBH assembled using Geneious,Fri Oct 25 14:09:50 PDT 2024,DNA,CGGAAGGTCATTATCGTAACAACGGAGGCGCCGGGGCTGTCGCTGACCTTCAGGGGTCGTGCACGCCCGAGCCCTCTCACAATCCATCTCACCCTTTGTGCATCGCCGCGTGGGTCCCCCCTTGCGGGAGGGCTCACGTCTTTTACATAAAACTCGATACAGTGTAGAATGTTTATTTTTGCGGTCACACGCGATCAATACAACTTTCAACAACGGATCTCTTGGCTCTCGCATCGATGAAGAACGCAGCGAAATGCGATACGTAATGTGAATTGCAGAATTCAGTGAATCATCGAATCTTTGAACGCACCTTGCGCCCCTTGGCATTCCGAGGGGCACACCCGTTTGAGTGTCGTGAAATCTTCAAAACCCTCTTCTTTGAGGTTTTTTGGACTTGGAGGTTCCATGCTCGCTTTCGCCTTTTGAAAGCGAGCTCCTCTCAAATGAATCAGTGGGGTCTGCTTTGCTGGTCCTTGACGTGATAAGATGTTTCTACGTTTTGGATTTGGCATCGTCCCGCTCCCAACCNGTCCCNACGGACGAACGATGGTGCTCCGGNTCGTCYCGGCGGACCCCACACGACAAAAAAACCCTGGACCTCAAAATCGGGTGAGACTACCCGCTGAACTAA,Consensus Sequences,linear,
Contig 3,,22 reads from MBH assembled using Geneious,Fri Oct 25 14:09:51 PDT 2024,DNA,GCGGAGGTCATTATCGTACAATGGGGGTACGACGGCTGTCGCTGACTTTTTGTCGTGCACGCCCGAGTGCTCTCACATACAAATATCCATCTCACCCCTTTGTGCATCACCGCGTGGGTCCTCTTCCTCGGAGGGGGTGCTCACGTTTTTAACATTAAACACCCATTCGAACGTAGTGTAGAATGTTCTTTGCGCGTGAACGCGCGATCAATACAACTTTCAACAACGGATCTCTTGGCTCTCGCATCGATGAAGAACGCAGCGAAATGCGATACGTAATGTGAATTGCAGAATTCAGTGAATCATCGAATCTTTGAACGCACCTTGCGCCCCTTGGCATTCCGAGGGGCACACCCGTTTGAGTGTCGTGAACATCCTCAACCGACTTGGTTTTATCGAACCCAAGTAGGCTTGGAATTTGGAGGTTTTCTGCTGGCCTCCTCTGAAGCCAGCTCCTCTTAAATGTATCAGTGGGATCCGCTTTGCTAGATCCTCGACGTTGATAAGATGTTTTTCTACGTCTTGGGTTTCGCTCGGGAAGGAACCTGCTTCTAACCGTCCCATCAGGGGACAACGTTCGAGCCGATCGCCCTTTNACGGGGTGGGNAAGCTTTCGACCCATCGAACCTTGACCTCAAATCGGGTGAGACTACCCGCT,Consensus Sequences,linear,
Contig 4,,21 reads from MBH assembled using Geneious,Fri Oct 25 14:09:52 PDT 2024,DNA,TGCGGAGGATCATTATCGTACAAAATGTGTGAGGGCATGCGAGGGCTGTTGCTGACCTCAAGGTCGTGCACGCCGGAGTGTGTCCTCTCACATAACAATCCATCTCACCCTTTGTGCACCACCGCGTGGGCACCCTTCGGGATCGGACCGATCTCGGAGGGGGTTCACGTTTTCACACAAAACACCCCCCCTTTAAAAAGTGTAGAATGACCTCGTTTATGCAATCAATACAACTTTCAACAACGGATCTCTTGGCTCTCGCATCGATGAAGAACGCAGCGAAATGCGATACGTAATGTGAATTGCAGAATTCAGTGAATCATCGAATCTTTGAACGCACCTTGCGCCCCTTGGTATTCCGAGGGGCACACCCGTTTGAGCGTCGTGAAAATCTCAACCTCCTTTGTTTCTTCCGAGGACCACAGGAGGCTTGGACTTTGGAGGTTTTTGCTGGCGTCTTTGAAGGCCAGCTCCTCTTAAATGAATTAGCGGGGGTCCTCTTTGCCGATCCTTGACATGTGATAAGATGCTTCCGTGTCTTGTTTCTGGCTCTGTTGCCTTTGGGACCCGCTTCTAACCGTCTTGACCTTGCGTCGAGACANACGWTCGAGCTCGWGTCTCCTTCTCGGGAAMCCCYCGACCCCACGAACCCTTGGCCTCAAATCGG,Consensus Sequences,linear,
Contig 5,,21 reads from MBH assembled using Geneious,Fri Oct 25 14:09:52 PDT 2024,DNA,GCGGNGGTCATTATCGAATAACTTGCACAGGCTGTTGCTGGTCTCTCCCTTGGAGGCATGTGCACGCTTGTCATCTTTATCATCTCTCCAACTGTGCACATATTGTAGACCTGGGAGTTTTTGGAATTCGTTCCGAGTCGGGACTGCTGCGCTTCATTTTCAAGAGGTCAGCTTTTCCTTGCATTTTTCAGGTCTATGTTTTCACAACCTCTGTAAATGTTTAGAATGGTTGAATCATAATAAAAGTTTATACAACTTTCAGCAACGGATCTCTTGGCTCTCGCATCGATGAAGAACGCAGCGAAATGCGATAAGTAATGTGAATTGCAGAATTCAGTGAATCATCGAATCTTTGAACGCATCTTGCGCTCCTTGNTATTCCGAGGAGCATGCCTGTTTGAGTGTCATTTAACTTCTCAACSSCATCSNATTCCGATGTGCTTCTGGATGGGGGGGGTTTATTTTTATTGCAGGCCTGCTGAATGGAGGGTCGGCTCCCCCTGGAATGCATTAAGCGGTTATCGTGGAGCAAGACACTTACTTGCACCAACTAAGGTCGGGTAAAGCTAAACTAATGGCTCTTGGGCGGTGCTGCATAAAACAAGTTTGGGCCGTGCTCCGAACAAANAAAAAAATTTTAGATGACTTT,Consensus Sequences,linear,
Contig 6,,21 reads from MBH assembled using Geneious,Fri Oct 25 14:09:53 PDT 2024,DNA,GGTCATTATCGTACTACAGAGGCGYGAGGGYTGTCGCTGACCTTATTAAAAGGTCGTGCACGCCCGAGCGCTCTCAATCCATTTCACCCTTTGTGCATCACCGCGCGGGGTCGCTCCCTCTTGGCTCGCTTCGAGAGGGGGAGGCTCGCGTTTTTCACACATAAACACCCTTATAGTTTAGAATGTCATTCATTTGCGATCACACGCAATCAATACAACTTTCAACAACGGATCTCTTGGCTCTCGCATCGATGAAGAACGCAGCGAAATGCGATACGTAATGTGAATTGCAGAATTCAGTGAATCATCGAATCTTTGAACGCATCTTGCGCCCCTTGGTATTCCGAGGGGCACACCCGTTTGAGTGTCGTGAAATTCTCAAACCTTCTTGGTTTCTTGATCAAGATGGCTTTGGACTTTGGAGGTGTTTTGCTGGCTTTGCAAAAAGCCAGCTCCTCTTAAATRCATTAGTGNGGTCCCCTTTGCCGATCCCCAGGCGTGATAAGATGTTTCTACGTCTNGGGATTTNGCTCTGTTYCYTKGGAAACCCGCTTCTAACCGTCTCATGGGAGACATCGTTCGAGTTTGCTCGACGCACGAACCTTGACCTCAAATCGGGTGAGACTACCCGCNGAACTTAA,Consensus Sequences,linear,
Contig 7,,21 reads from MBH assembled using Geneious,Fri Oct 25 14:09:53 PDT 2024,DNA,GTCATTACTGARYTGTCGACACGAGTTGTTGCTGGTCCTCNGAAAGGGGRCATGTGCACGCTCTGTTTACACATCCACTCACACCTGTGCACCCTCCGTAGTTCTATGGTCTGGGAGACCTTGTCTTCCTGCCGTGGTTCTACGTCTTTACACACACACTGTAACAAAGTCTTAAGGAATGTATGCAGCGTCTAACGCAATACAATACAACTTTCAGCAACGGATCTCTTGGCTCTCGCATCGATGAAGAACGCAGCGAAATGCGATAAGTAATGTGAATTGCAGAATTCAGTGAATCATCGAATCTTTGAACGCACCTTGCGCCCCTTGGCTATTCCGAGGGGCATGCCTGTTTGAGTATCATGAACACCTCAACTCTCATGGTTCGCCGTGATGAGCTTGGACTCTGGGGGATTTGCTGGCCTGCGGTCAGCTCCCCTCAAATGAATCAGCCTCCCAGTGTTTGGTGGCATCACGGGTGTGATAAATATCTACGCTYGTGGTTGCCYGNCCAGGTAACCTTYRGCANATGGNAGGTTTGCTGGAGCTCATAATTGGNTCTTTCCTCAGCGARGACAGCTTTTTKGNACGTTCGATCTCAAATCAGGTAGGACTACCCGCTGAMYTA,Consensus Sequences,linear,
Contig 8,,19 reads from MBH assembled using Geneious,Fri Oct 25 14:09:54 PDT 2024,DNA,NNACATTATCGTACAAAATGTGAGGGGCATGTGAGGGCTGTCGCTGACTCAAAGTCGTGCACGCCCGAGCATGTCCTCTCGCATAATAATCCATCTCACCCTTTGTGCATCGCCGCGTGGGCACCCTTTGGGATCGTCTCGGAGGGGGCTCGCGTTTTCACACAAACCCCCCTTTTAAAAGTGTAGAATGACCTCATTTATGCGCTAACCCGCAATCAATACAACTTTCAACAACGGATCTCTTGGCTCTCGCATCGATGAAGAACGCAGCGAAATGCGATACGTAATGTGAATTGCAGAATTCAGTGAATCATCGAATCTTTGAACGCACCTTGCGCCCCTTGGTATTCCGAGGGGCACACCCGTTTGAGTGTCGTGAAAACCTCAACCTCCTTGGTTTCTTCTGGAGACCAAAGCAGGCTTGGACTTTGGAGGCCTTTGCTGGCACCTCTCTCTTTTGAAGGTCAGCTCCTCTTAAATGAATTAGCAGGGTCCTCTTTGCCGATCCTCGACGTGTGATAAGATGTTTCCATGTCTTGGTTTCTGGCTCTGTCACTTTTGGGGACCCGCTTCTAACCGTCTTGACCNTTGCATCGAGACAATGTTCGAGCATGCCTCCCTTCTNCGGGAAGCTCCCTTCGACCCCACGAACCCNTTGACCTCAAATCGGGTGAGACTACCCGCTGAC,Consensus Sequences,linear,
Contig 9,,19 reads from MBH assembled using Geneious,Fri Oct 25 14:09:54 PDT 2024,DNA,GNGGTCATTATCGTACAACTGAGGCGCAAAGGCTGTCGCTGACCCTCAAGGGTTGTGCACGCCCGAGTGCTCTCACACAATCCATCTCACCTTTGTGCATCACCGCGTGGGTCCCCCTTGCAGGAGGGCTCACGTTTTCACATAAAACTCGATACAGTGTAGAATGTTTCTTTTGCGGTCACACGCAATCAATACAACTTTCAACAACGGATCTCTTGGCTCTCGCATCGATGAAGAACGCAGCGAAATGCGATACGTAATGTGAATTGCAGAATTCAGTGAATCATCGAATCTTTGAACGCACCTTGCGCCCCTTGGCATTCCGAGGGGCACACCCGTTTGAGTGTCGTGAAATCTTCAAAACCCTTTTTTCTTTGAACCATTGCGGTCGGGAAAAGGATTTTTGGACTTGGAGGCTTAATGCTTGCCCTTTCTTTTTGAAAGCGAGCTCCTCTCAAATGAATTAGTGGGGTCCGCTTTGCTGATCCTTGRCGGGGATAAAATGTTTCTACGTTTTGGGTTTAACAMCTGTCCCTTGGATGGCTGGNTGCTAACCGTCTCATCGACNAATGATGGGTGCTCCNGGTCACTGCCCGNTCTACGTCGGGSGGGRRNGGCTGGMCCCMACAAAAAAGRAAACCYTKKSMCCYAAWNNTCGGGKGRRRMWWCMCGCTGAACTT,Consensus Sequences,linear,
Contig 10,,19 reads from MBH assembled using Geneious,Fri Oct 25 14:09:55 PDT 2024,DNA,TGCGGAGGTCATTATCGTACAACTGAGGCGCAAAGGCTGTCGCTGACCCTCAAGGGTTGTGCACGCCCGAGTGCTCTCACACAATCCATCTCACCTTTGTGCATCACCGCGTGGGTCCCCTTTGCAGGAGGGCTCACGTTTTCACATAAAACTCGATACAGTGTAGAATGTTTCTTTTGCGGTCACACGCAATCAATACAACTTTCAACAACGGATCTCTTGGCTCTCGCATCGATGAAGAACGCAGCGAAATGCGATACGTAATGTGAATTGCAGAATTCAGTGAATCATCGAATCTTTGAACGCACCTTGCGCCCCTTGGCATTCCGAGGGGCACACCCGTTTGAGTGTCGTGAAATCTTCAAAACCCTTTTTTCTTTGAACCATTGCGGTCGGGAAAAGGATTTTTGGACTTGGAGGCTTAATGCTTGCCCTTTCTTTTTGAAAGCGAGCTCCTCTCAAATGAATTAGTGGGGTCCGCTTTGCTGATCCTTGACGTGATAAAATGTTTCTACGTTTTGGGTTTAGCACTGTCCCTTGGATGCCTGCTGCTAACCGTCTCATCGACAATGATGGNTGCTCCGGTCACTGCCGTCTACGTCGGCNGGGNAGGCTGGACCCNACAAAAAGGAAACCTTGACCTCAAATCGGGTGAGACTACCCGCTGAACTTA,Consensus Sequences,linear,
Contig 11,,19 reads from MBH assembled using Geneious,Fri Oct 25 14:09:56 PDT 2024,DNA,TCATTATCGTACAACATGTGTGAGGCGCGCGAGGGCTGTCGCTGACTTTTTGAAACACAAAAGTCGTGCACGCCGGAGCGTGTCCTCTCACAATAAAATCCATCTCACCCTTTTGTGCACCACCGCGTGGGCACCTTTTGGGATCGAACCGATCCTGGAGGGGGCTTGCGTTTTCACACAAACCCCTTTTAAAAAGTGTAGAATGACCCCACTTTGCGATGACACGCAATCAATACAACTTTCAACAACGGATCTCTTGGCTCTCGCATCGATGAAGAACGCAGCGAAATGCGATACGTAATGTGAATTGCAGAATTCAGTGAATCATCGAATCTTTGAACGCACCTTGCGCCCCTTGGTATTCCGAGGGGCACACCCGTTTGAGTGTCGTGAAAATCTCAACCTTCTCGGTTTTCTTCTGGACACCGAAGGAGGCTTGGACTTTGGAGGCCTTTGCTGGCATCTCTCTCTTTTTGAGAGCCAGCTCCTCTTAAACGAATTAGCGGBGTCCTCTTTGCCGATCCTCGACATGTGATAAGATGTTTCCATGACTTGGTTTCTGG,Consensus Sequences,linear,
Contig 12,,18 reads from MBH assembled using Geneious,Fri Oct 25 14:09:56 PDT 2024,DNA,GCGGAAGGWCATTAACGAATATAAATCGGAAAGCTGTCGCTGGCCTCTCGGGGCATGTGCACGCTGACCGTGTTTCAAAAATTTCNAATTTCTCACCTGTGAACCTAATGTAGGATGCCTCTCCTCTGGGAGAGGGGACCTATGTCTTCATATACATCTTCGTGTAGAAAGTCTTAGAATGTTTACTATCAGAGAGTCGCGACTTCTAGGAGACGCGAAACTCTGAGATAAAAGTTATTACAACTTTCAGCAATGGATCTCTTGGCTCTCGCATCGATGAAGAACGCAGCGAAAAGCGATATGTAATGTGAATTGCAGATCTACAGTGAATCATCGAATCTTTGAACGCACCTTGCGCTCCTCGGTGTTCCGAGGAGCATGCCTGTTTGAGTGTCAGTAAATTCTCAACCCTTCTTGATTGAGGGAGTTTGGATAGTGGGGGTTGCTGGAGACTTTTATTAGACTCGAGCTCTCCTGAAATGCATCGGCTTGCGGTCGACTTTCGACTTTGCGCGACAANGGCTTTCGGCGTGATAATGATCGCCGTTCGCTGAAGCGCATGACTNGAAGGTTTCGCGCCTCTAATACGTCGACTCTTATTATCTCTTCGGAGAGAAAAGGTCTTCTTTTATTGACTTTTGACNTNCNAATCAGGTAGNAC,Consensus Sequences,linear,
Contig 13,,17 reads from MBH assembled using Geneious,Fri Oct 25 14:09:57 PDT 2024,DNA,CGGAGNTCATTAATGATTGCGAATGGTCGCCTTCAGTGCTGGCTCCCCGGAGCAGGTGCACGTTGGTGGCTTCATCCAATTCCACACCCTTGTGAACCTTTGGCCTCTTGCTAGCTTCGGCTGGCAGAGGATTTTACACATACTCGAATGTAATGAAAACTATTGTTGTGCGCAAGCACTAATATACAACTTTCAACAACGGATCTCTTGGCTCTCGCATCGATGAAGAACGCAGCGAAATGCGATAAGTAATGTGAATTGCAGAATTCAGTGAATCATCGAATCTTTGAACGCACCTTGCACCCTTTGGAATTCCAAAGGGTATGCTCGTTTGAGTGTCATTGTACTCTCACACTCTCTGATCCTTTGGATTTGGGGAGTGGTGGACTTGGGTGCTTGCTGCTTTCCTTGTAGCTCACCTCAAATACATCAGTGCACCTCTTAATTGGGACATAGTACGGCGTGATAAGTGTCTTCGCCGGCACCTCGTAAAGAGGGTGGNCCGATTGGGAGCTCTGTGCTTTCAAATCGTCTTCGGACAATAAATCTGACAACTTKGACNTCAAATAGGANGTAGGGACTANCNCCGCTGAMCTTTA,Consensus Sequences,linear,
Contig 14,,16 reads from MBH assembled using Geneious,Fri Oct 25 14:09:57 PDT 2024,DNA,GGNNGWCATTACCGAACTGTCGACAYGAGYTGTTGCTGGCCCTCGAAAGGGGGCATGTGCACGCTCTGTTTACACATCCACTCACACCTGTGCACCCTCTGTAGTTCTATGGCCTTGGGGACCCCGTCCCCTTGCTGTGGTCCTACGTCTTTACACACACACCGTAAYAAAGTCTCATGGAATGTATGTCGCGTTTAACGCAATACAATACAACTTTCAGCAACGGATCTCTTGGCTCTCGCATCGATGAAGAACGCAGCGAAATGCGATAAGTAATGTGAATTGCAGAATTCAGTGAATCATCGAATCTTTGAACGCACCTTGCGCCCTTTGGCTATTCCGAAGGGCATGCCTGTTTGAGTATCATGAACACCTCAACTCTCATGGTCTGCCATGATGAGCTTGGACTTTGGGGGTCTTGCCGGCCTAGTGTCGGCTCCTCTCAAATGNGATCAGCTTGCCAGTGTTTGGTGGCRTCACAGGTGTGATAACTATCTACGCTTGTGGTTTCTCCWGCCATGTAACCTTCAGCGATGGGAGGTTCGCTGGGAGCTCACAGATGTCTTNTCCTTGGGGGAGGGACAGCTTTCTTTGAACGTCTGATCTCCAATCAGGTAGGACTACCCGCTGNANCTT,Consensus Sequences,linear,
Contig 15,,16 reads from MBH assembled using Geneious,Fri Oct 25 14:09:58 PDT 2024,DNA,CATTATTGATAAGCTTGGTTGGGTTGTTGCTGGCTCTTAGGAGTATGTGCACGCCTAACACCAACTTTTACCACCTGTGCACCTTCTGTAGACCTGGATAAACTCTCGAGGAAACTCGGTTTGAGGACTGCTGTGCGCAAGCCGGCTTTCCTTGTAATTCCGGTCTATGTTTTTATATATACCCCTACCAGTATGTCTCAGAATGTTTGTTGTTGGGCTTGAATGCCTTTAAACTTAATACAACTTTCAACAACGGATCTCTTGGCTCTCGCATCGATGAAGAACGCAGCGAAATGCGATAAGTAATGTGAATTGCAGAATTCAGTGAATCATCGAATCTTTGAACGCACCTTGCGCTCCTTGGTATTCCGAGGAGCATGCCTGTTTGAGTGTCATGAAATTCTCAACCTTTTCAACTTTTTCTGNTGATCAGGCTTGGATGTGGGAGTATGCGGGCTTCTCAGAAGTCGGCTCTCCTGAAATGCATTAGCGGGACCTTTG,Consensus Sequences,linear,
Contig 16,,16 reads from MBH assembled using Geneious,Fri Oct 25 14:09:58 PDT 2024,DNA,NCNTTATTATAATGCGTGGAATGCCCCTAATAAGGGCATACTCTATAAAACTCTAAACTTACWGTCTGAGAAGGCCATGTGCCGTAATCTTTAAACATTTTAAAACTTTCAACAACGGATCTCTTGGTTCTCGCATCGATGAAGAACGCAGCGAAATGCGATAAGTAATGTGAATTGCAGAATTCAGTGAATCATCGAATCTTTGAACGCACATTGCGCCCTTTGGTATTCCATAGGGCATGCCTGTTCGAGCGTCACTAACAACCCCATCACAYANANKAGTGTGGTATTGGCAGAAGTGGGTAGGGCTAGCAGTGCTGGCCCCACTCTGCTGGAATGAATAGGCCGGAAATGCAGACCATGGCAACAAACTTTCAGAGTATCTTGAAATGCTAAATTAGTTTGGAGCAGGTCAGAATCCAGGCCATTGGACCCCCATTCTGTGTAAAGCAGTAATGTTGACCTCGGATCAGGTAGGGATACCCGCTGAACTTAAGC,Consensus Sequences,linear,
Contig 17,,16 reads from MBH assembled using Geneious,Fri Oct 25 14:09:58 PDT 2024,DNA,GAGGTCATTATTGAAATTATAGGCGAGGGTTGTAGCTGGCCTCTCGGGGCATGTGCACGCCTGAGCCCTTAATCCACACACACCTGTGAACCTATTGTAAGGGCCCTTAAAAAAGGCCTTTACGTCTTATCATCAACCCNATCGTATGKCTCATAGAATGTAAATATATGTCCTCGCCTTAAAAAGCGTTGATAAACTTATACAACTTTCAACAACGGATCTCTTGGCTCTCGCATCGATGAAGAACGCAGCGAAATGCGATAAGTAATGTGAATTGCAGATTTTCAGTGAATCATCGAATCTTTGAACGCACCTTGCGCTCCTTGGTATTCCGAGGAGCATGCCTGTTTGAGTGTCATTAAATTCTCAACTCTGATCGATTTGTTTCGACTTCGGAGCTTGGATTTGGGAGCGGGGCTGGCGTCGGTCGGCTCCTCTTAATGCATATAAGGGGAATCCTAACGGTTTCGGATNGTCAGTGNGGATAAATCAT,Consensus Sequences,linear,
Contig 18,,16 reads from MBH assembled using Geneious,Fri Oct 25 14:09:59 PDT 2024,DNA,ACCTTCTGTGCTGGCTCCGGCATGTGCACGTTGGTGACTTTCATGCAATACCCTTTTGTGAACCTTTGGCCTCATGCTGGCTTTGGCTGGCAGAGGATTTTACACAAACTTGAATGTAACAGAAAGAACTTGTTGTGCGCAAGCACGAATGTACAACTTTCAACAACGGATCTCTTGGCTCTCGCATCGATGAAGAACGCAGCGAAATGCGATAAGTAATGTGAATTGCAGAATTCAGTGAATCATCGAATCTTTGAACGCACCTTGCACCCATTGGTATTCCAAAGGGTATGCTCGTTTGAGTGTCATTGTACTCTCACACTCCAATCTTGGAGAAGTGGACTTGGGTGTTGCTGCTTTGCTGTGGCTCATCTTAAATATGCTAGTGCAACTCATGGTTGGATATAGTACAGCGTGATAAGTATCTTCGCTGGCGCCTCCTAAAGA,Consensus Sequences,linear,
Contig 19,,14 reads from MBH assembled using Geneious,Fri Oct 25 14:09:59 PDT 2024,DNA,CGACTTTAAACAATTCTAGGATCGCTATGCAAGTCGGCCCACGCACGTGGTGCCGGCGACACTTTCGAATTGACGGGGATACCCTAAAGCCTGTCGCACCAACTCTGTGTGTGAAACCGCTGGAGGGCCCGTGCTAACTACACGGGGTGGTAACAGACGACATGGATATCTCCNCGCCTTTTTTGGTGTGGATACCATGGGCAATCCGCAGCGAAGCCTCTAAGTCCGKNCGTCGGATACGAGKAACGTTCACAGACTAAGNGNAARTGGNTGKNGCGTTCGCCGCTCTGCTTAAGATATAGTCGSTCCCCTTGGNAAACTAAGSGNTGAGTACACTGCTCGARATTTAAACTKGAGCGCGTCTCGGATGNCGCTCATGTTAGAATTTTGAGACTGTCGATTGCCTCGCGGTTTGACAGCTCTTAAAACGTTCCGTAGGTGAACCTGCGGNAGGATCATTACAGAAAGTAAACGCGGATCAAACCGCGAACTTCTAAACCTTTGACGATTGACTCATGTTGCCTCGGCGGGTTCTCCCGCCAGAGGATGCATCAAAACTCCTGTTTTAACGAGTGTTGTCTGAGCTACAAGCAACGAATCAAAACTTTCAACAACGGATCTCTTGGTTCTGGCATCGATGAAGAACGCAGCGAAATGCGATAAGTAGTGTGAATTGCAGAATTCAGTGAATCATCGAATCTTTGAACGCACATTGCGCCCCTTGGTATCCCGAGGGGCATGCCTGTTCGAGCGTCATTTCACCACTCAAGCCTGGCTTGGTGTTGGGCGACGTCCCCTTTGGGGACGCGCCTCGAAACGCTCGGCGGCGTGGCACCGGCTTTAAGCGTAGCAGAATCTTTCGCTTTAAAAGTCGGGGCCCCGTCTGCCGGAAGACCTACTCGCAAGGTTGACCTCGGATCAGGCAGGGATACCCGCTGAACTTAAGCWTDNN,Consensus Sequences,linear,
Contig 20,,14 reads from MBH assembled using Geneious,Fri Oct 25 14:10:00 PDT 2024,DNA,TCNTTATCGTACAATGGAGGTGCTGGGGTTGTCGCTGACCTTTGAAAGGGTCGTGCACGCCTCGGTGCTTTCACACATAATCCATCTCACCCCTTTTGTGCATCACCGCGTGGGGGTCCCTTTTAGCTAGTTCTGAAGGGGGCTTTCATGTTTTTACAAACACACCCTTTTAATGCAATATGTAGAATGTCTTACTTTTTGCGATCACACGCAATCAATACAACTTTCAACAACGGATCTCTTGGCTCTCGCATCGATGAAGAACGCAGCGAAATGCGATACGTAATGTGAATTGCAGAATTCAGTGAATCATCGAATCTTTGAACGCACCTTGCGCCCTTTGGCATTCCGAAGGGCACACCCGTTTGAGTGTCGTGACATCCTCAAACCTTCTTGGTTTCTTGACTGAGAAGGCTTTGGACTTTGGAGGCTTTTGCTGGACCTTCCCTTGTTGAAGCCAGCTCCTCTTAAATGAATTAGTGGGGTCTGCTTTGCTTATCCTTGACGTGATAAGATGCTTCTACGTCTTGGGTTTTGCACTGNTTGCTCTAGATCCTGCTTCTAACCGTCTCATAGAAGACAAATGGTCGACTTTGACCCACAAACCTTGACCTCAAATCGGGTGAGACTACCCGCTGAACTTAAGNN,Consensus Sequences,linear,
Contig 21,,14 reads from MBH assembled using Geneious,Fri Oct 25 14:10:00 PDT 2024,DNA,GGRWCATTATTGATTGCGAATCGTTGTCTTCAGTGCTGGCCAGCTCTGGCAAGTGCACGTTGGCGGCTTTTCATCCAATACCCCTGTGAACCTTTGGCCTCTTGCTAGCTTTGGCTGGCAGAGGATTTTTACACCCACTCGAATGTAATGAAATTATTGTTGTGCGCAAGCACTACTGTACAACTTTCAACAACGGATCTCTTGGCTCTCGCATCGATGAAGAACGCAGCGAAATGCGATAAGTAATGTGAATTGCAGAATTCAGTGAATCATCGAATCTTTGAACGCACCTTGCACCCTTTGGCATTCCGAAGGGTATGCTCGTTTGAGTGTCATTGTACTCTCACACTTCTGATCCTTTTGGATTGGGAGCGGTGGACTTGGGTGTTGCTGCTGCTTTACTGCGGCTCACCTCAAATGCATTAGTGCAACTCTTGGTTGGACATAGTACGGCGTGATAAGTATCTTCGCCGGCACCTCGCAAGAGGGTGGCTGATCAGGAGCTCTGTGCTCTCCAACTGTCTTCGGACAACAACTGACAACTTGACCTCAAATCGARTAGGACCACCCGCTGAACTT,Consensus Sequences,linear,
Contig 22,,14 reads from MBH assembled using Geneious,Fri Oct 25 14:10:00 PDT 2024,DNA,CCTGCGGAAGGATCATTAACAAAATTTCAACGTTATTATATTTCGTTAGAAATCCACACTGTGTACCTTTACCTGTTGCTTCCCCCCCCCCCACTGGGCCCGCCGCCCTTGCGGGGGGGGGGAGGGACCAGCAAACCCTTTGTTTTCCAATGCAGGSGGTCTGAGGAATTAAAAAGTTTTAATGTTTTAACACAACCGAAAAAACTTTCAACAASGGATCTCTTGGTTCTCCCMNNTCGATGAAAAACGCMGGGAAATGSGAAAAGTATGGGGATTTGCAGAATTCGGGGAAAAATCGAATTTTTGAANGACCTTTGCGCCCCCCGGTATTCCGGGGGG,Consensus Sequences,linear,
Contig 23,,13 reads from MBH assembled using Geneious,Fri Oct 25 14:10:01 PDT 2024,DNA,GCAGAGATGATTCCTTCCGCAGTGTACACTTGTAGAAGCCTTTGCAGCCACGCAAGTGGTAGATCTAGKCGACTTTAAACAATTCTAGGATCGCTATGCAAGTCGGCCCACGCATGTGGTGCCGGCGACACTTTCGAATTGACGGGGATACCCTAAAGCCTGTCGCACCAACTCCGCGTGGRAAACCGCTGGAGGGCCCGTGCTAACTACACGGGGTGGTAACAGACGACACGGATACCTCCACGCCTTTTTTGGTGTGGATACCATGGACAATCCGCAGCGAAGCCTCTAAGTCCGGCCACCGGATACGAGGAACGTTCACAGACTAAGTGGAAGTGGGTGGAGCGTTYGCCGCTCTGCTTAAGATATASTCGGTCCCCTTRGGAAACCAAGGGGGTGAGTACACTGCTTGAAATTTAAACACGAACGTGCGTAATTATAATCCACGGCGCTCATGTTAGAATTTCGAGANCTGTCAATTGCTTNCGCGGTTTGACAGCTCTTAAAACGTTCCGTAGGTGAACCTNGCGGAAGGRTCATTACAGAAAGTAAACGCGGGTCAAACCGCGAACTTTTAAACCTTTGACGATTGACTCATGTTGCCTCGGCGGGTTCTCCCGCCAGAGGATACATCAAAACTCCTGTTTTAACGGTGTTGTCTGAGCTACAAGCAACGAATCAAAACTTTCAACAACGGATCTCTTGGTTCTGGCATCGATGAAGAACGCAGCGAAATGCGATAAGTAGTGTGAATTGCAGAATTCAGTGAATCATCGAATCTTTGAACGCACATTGCGCCCCTTGGTATCCCGAGGGGCATGCCTGTTCGAGCGTCATTTCACCACTCAAGCCTGGCTTGGTGTTGGGCGACGTCCCCTTTAGGGACGCGCCTCGAAACGCTCGGCGGCGTGGCACCGGCTTTAAGCGTAGCAGAATCTTTCGCTTTGAAAGTCGGGGCCCCGTCTGCCGGAAGACCTACTCGCAAGGTTGACCTCGGATCAGGCAGGGATACCCGCTGAACTTAAG,Consensus Sequences,linear,
Contig 24,,13 reads from MBH assembled using Geneious,Fri Oct 25 14:10:01 PDT 2024,DNA,ACCTGCGGAGGGWCATTATCGTACTACAGAGGTGCTCAGGTTGTCGCTGACCTTTTGGTCGTGCACGCCCGAGTGCTCTCAATCCATTTCACCCTTTGTGCATCACCGCGCGGGGTCTCTTCCTCTTGGCTTGCTTCAAGAGGGGGAGGTTCGCGTTTTTCATACAAACACCCTTCTAGTTTAGAATGTCATTCATTTGCGATCATACGCAATCAATACAACTTTCAACAACGGATCTCTTGGCTCTCGCATCGATGAAGAACGCAGCGAAATGCGATACGTAATGTGAATTGCAGAATTCAGTGAATCATCGAATCTTTGAACGCACCTTGCGCCCCTTGGTATTCCGAGGGGCACACCCGTTTGAGTGTCGTGAAATTCTCAAACCTTCTTGGTTTCTTGACCAAGATGGCTTTGGACTTTGGAGGCATTTGCTGGCTTTGCGAAAAGCCAGCTCCTCTTGAATGCATTAGTGGGGTCCCCTTTGCCGATCCCCAGGCGTGATAAGATGTTTCTACGTCTTGGGATTTGCTCTGTTCCTTGGGAANCCCGCTTCTAACCGTCTCATGGAAGACATCGTTCGAGCTTGCTCGACCCACGAACCTTGACCTCAAATCGGGNTGAGACTACCCCGCTGAACTTAAGNN,Consensus Sequences,linear,
Contig 25,,13 reads from MBH assembled using Geneious,Fri Oct 25 14:10:01 PDT 2024,DNA,TGCGGAAGGACATTAACGAATTGTAATTGGAGTTGATGCTGGCAGGCTTGGCTGCATGTGCTCGCTCCTAACAATCTTCATCCAAACACCTGTGCACATTTAGAGAGGGTCTCCGAGTCCTCCTTGGAGTCCCTTCCTCTCATTACACACTTTATTTCAATGTTGAACGTGATTGTGCCGTAAGGCCTTAATATTAATACAACTTTTAACAACGGATCTCTTGGCTCTCGCATCGATGAAGAACGCAGCGAAATGCGATAAGTAATGTGAATTGCAGAATTCAGTGAATCATCAAATTTTTGAACGCACCTTGCGCTCCCTGGTATTCCGGGGAGCACGCCTGTTCGAGTGTCGTGAAATTCTCAAACCGGGATGCTTTTTTTGTTTCTCGGCTTGGTGTTGGGCTTTGCAGTTCCTTTGATTGGGATGGCTGGCCTTAAAAGCATTAGCTGGCTTTTCATGTGGCATTGGTTCTACTCAGCGTGATAATGATCTGACCGCCGAGGACATCTTTCGAGGTGGCCAATTCTCATTTGGGCTGCTTCTAATTTTGGTAGAGCAGATTCTGAATCTNGTTCCACTTTTCAGCTTTTGACCTCGAATCAGGTGNNNACTACCCNGCTGAACTTA,Consensus Sequences,linear,
Contig 26,,12 reads from MBH assembled using Geneious,Fri Oct 25 14:10:02 PDT 2024,DNA,NGGTCATTACAAAATGTCTGGGATGTCCACTTCGGACCCCCCAAGCAAAACACATCCATGTGTACTCTCCCATGTTGCTTCCCCAGACCAGTGGCCACTGCTACCAGCTCAGTCCTTAATCGGTTCCTGAGTTGAGGTGTTTGGGGAAGGGCTCAATATCAAACCTTTGAACCAATTTTAGTTGTTCTAAATAGACCATCCGCCGCAATCTTTAAAATATATTAAAACTTTCAACAACGGATCTCTTGGCTCTCGCATCGATGAAGAACGCAGCGAAATGCGATAAGTAATGTGAATTGCAGAATTCAGTGAATCATCGAATCTTTGAACGCACATTGCGCCCTTTGGTATTCCTTAGGGCATGCCTGTTCGAGCGTCACTAAAAACCCCTTCACAGTTAATGTGGTATTGGTAGAAGTGAACGGTACTTGCCTTACCTTGTCTCACTATACCAAAATGAATAGGCCAGAGAAGTGGACCCATGGTAATTGACTCCAGGAGTGTGTTTTTNTTCTAATGCTATACTAGGTCTTTACCCAAGTCAAGTTCTGAGCTACCGGACCCCCATTTAGTCCGAAACAGATGAGGTTGACCTCGGATCAGGTAGGGATACCCGCTGAACTTA,Consensus Sequences,linear,
Contig 27,,12 reads from MBH assembled using Geneious,Fri Oct 25 14:10:02 PDT 2024,DNA,GTGACTGCGGANGGTCATTATCGAATAACTTGAACAGGCTGTTGCTGGCCCCATGGGTATGTGCACGCTTGTCATCTTTATCATTTCTCCAACCTGTGCACACAATGTAGACCTGAGGAGCCTTTTGAATTCTATTCGAGTGGGGGATTGCAGTGCTTTTATTTAAAACCACAAAAGTCTGCTTTCCCTTGAATTTTTCAGGTCTATGTCATTTTTCTTTCACAACCATGTTTAGAATGTTGAATCAGGTCTTTGTACCTAAAAAGTTAATACAACTTTCAGCAACGGATCTCTTGGCTCTCGCATCGATGAAGAACGCAGCGAAATGCGATAAGTAATGTGAATTGCAGAATTCAGTGAATCATCGAATCTTTGAACGCATCTTGCGCTCCTTGGTATTCCGAGGAGCATGCCTGTTTGAGTGTCATTTGACTTATCAACCACATCATCTATTTTTGAAATTGGGGTTTGATTGNGGGGAGATTATTATTTTTGCGATCTCAACAAAAGCCGGTCCCCTTGAAAGGCATAAGGGTAATCGGAGCGGCTATTGGTGGTGAAAATTATATCTATTCCTCTTGGGTTTTGCGGTCCAAAACCTGTTTTATAAACCCCCC,Consensus Sequences,linear,
Contig 28,,12 reads from MBH assembled using Geneious,Fri Oct 25 14:10:02 PDT 2024,DNA,GAAGGTCATTATCGAATAAACTTGAACAGGCTGTTGCTGGCCCCTAGGGGGATGTGCACGCTTGTTCATCTTTATTTCTCCAACCGTGCACATATTGTAGACCTGGGATTTGGGACTGCTGTTTTTACAGCTTTGCCTTGCGTTTCTCTAGGATCTATGTTATTCCACAAAAACCCTGTCGAATGTGTTTGAAATATTGTTATATGAATACATACAACTTTCAGCAACGGATCTCTTGGCTCTCGCATCGATGAAGAACGCAGCGAAATGCGATAAGTAATGTGAATTGCAGAATTCAGTGAATCATCGAATCTTTGAACGCATCTTGCGCTCCTTGRWAWWCCGAGRAGCATGCCTGTTTGAGTGTCATTAAAGTTTCTCACCCCCCCACACCGTCT,Consensus Sequences,linear,
Contig 29,,11 reads from MBH assembled using Geneious,Fri Oct 25 14:10:03 PDT 2024,DNA,GNGGTCATTATCGTACAATGGGGGTACCCGGGTTGTCGCTGACTTTTTTGTCGTGCACGCCCGAGTGCTCTCACATACAAATATATCCATCTCACCCCTTTGTGCATCACCGCGTGGGTGTCCCCCCTTCTTCGGAGGGGGGTGCTCACGTTTTTAACATCAAACACCCTAGTGTAGAATGTTCTTTTGCGCGATCACGCGCGAATCAATACAACTTTCAACAAGGGTTCTCTGGCCTCTCGCATCGATGAAGAASGCAGCGAAATGCGAAACGTAAGGKGAATTGCAGAATTCAGGGAATCATCGAATCTTTGAACGCACCTTGCGCCCCTTGGCATTCCGAGGGGCACACCCGTTTGAGTGTCGTGAACATCCTCAACCTGCTTCGTTCTATCGAACCAAGTAGGCTTGGAATTTGGAGGTTTTTCTGCTGGCTTCCTCTGGGAAGCCAGCTCCTCTTAAATCTATCAGGGGGATCCGCTTTGCTAGATCNCTCCGACGTTGATAAGATGTTTCTACGTCTTGGGKTTYCGCTCGGRNAAAGGANCCTGCTTTCTAACCGTNCCCCCCCCATCGGGGNACAAWKGTTCGAAAAGCCGATCGGCCCTTCCACGGGGGTGGGGAAGCTTTTTCGACCCCATGAAA,Consensus Sequences,linear,
Contig 30,,11 reads from MBH assembled using Geneious,Fri Oct 25 14:10:03 PDT 2024,DNA,GGTCATTATCGTACAAAATGTGTGAGGCATGCAAGGGCTGTCGCTGACTCAAAATCGTGCACGCCAGTGTGTGTCCTCTCACATAATAATCCATCTCACCCTTTGTGCACCACCGCGTGGGTACCCTTTGGGATCAGACCGATCTTGGAGGATGCTTGCGTTTTCACACAAACCCCCCTTTTAAAAAAGTGTAGAGTGACCTCATTTATGCGCTAACCCGCAATCAATACAACTTTCAACAACGGATCTCTTGGCTCTCGCATCGATGAAGAACGCAGCGAAATGCGATACGTAATGTGAATTGCAGAATTCAGTGAATCATCGAATCTTTGAACGCACCTTGCGCCCCTTGGTATTCCGAGGGGCACACCCGTTTGAGTGTCGTGAAAATCTCAACCTCCTTGGTTTCTTCTCGAGACCAAAGGAGGCTTGGACTTTGGAGGCATTTGCTGGCATCTTCTCTCTTTTGAAGGGGTCAGCTCCTCTTAAATGAATTAGCAGGGTCCTCTTTGCCGATCCTTNGACATGTGATAAANATGTTTCCCATGGCCTTGGTTTCTGGCCTCTGTTTGCTTTTTGGGACCCCGCTTTCTAACCCGTTCTTTGACCCTTGCG,Consensus Sequences,linear,
Contig 31,,11 reads from MBH assembled using Geneious,Fri Oct 25 14:10:03 PDT 2024,DNA,CATTATCGTGTAATTCAGTCATGCTACTGCATGAGCAATATTTAAGCCCACTTTTCGGGCATTTTCCTGTTGCTTTATTTTCCCTATGCAAGATAAACATATCTCCTTCCACAGAGATAAGTCTTGAAAGGAAAAAAGAGGGGGCCTGCCCGGAGTTTTTTAAATAGTCTTAAAAAATTTAAAAAAAAAAAATCAATTTAAAAAAACTTTCAGCAACGGATCTCTTGGTTCTCGCATCGATGAAGAACGCAGCGAAATGCGATAAGTAGGGGGAATTGCAGAATTCAGGGAATCATCGAATCTTTGAACGCACATTGCGCCTCCTGGTATTCTGGGGGGCATGCCTGTTCGAGAGTCATTTACAACAATTTCGAATCCCCCCCCCCACCTTCAGTTTGKGGGGGGGGGGGGGAATBNNGGTTTTKGKWTGGGGGRMAMMKSWMARARRGRASANATAAAATTTTTATTTTTTNN,Consensus Sequences,linear,
Contig 32,Fri Oct 25 14:10:04 PDT 2024,11 reads from MBH assembled using Geneious,Fri Oct 25 14:10:04 PDT 2024,DNA,TCATTATTGAAATTATAGGTGACGGTTGTAGCTGGCCTTTCGGGGCATGTGCACGCCCGAGCCCTTAATCCACACACACCTGTGAACCCAATGTAAGGGCCCGTAAAAAAGGCCTTTATGTCTCATCACCAACCCTTTATGTCTCATAGAATGTAAATCTATATCCTCGCCTTAAAAAAGCGTTGATAAAACTTATACCACTTTCAACAACGGATCTCTTGGCTCTCGCATCGATGAAGAACGCAGCGAAATGCGATAAGTAATGTGAATTGCAGATTTTCAGTGAATCATCGAATCTTTGAACGCACCTTGCGCTCCTTGGTATTCCGAGGAGCATGCCTGTTTGAGTGTCATTAAATTCTCAACTCCGAATCGATTTGTTTCGACCTCGGAGCTTGGACTTTGGAGTGTGCTGNCGTCTGTCGGCTCCTCTTAAATGCATCAGCGGAATATAACCCCGGACATCAGTGTGATAA,Consensus Sequences,linear,
Contig 33,,11 reads from MBH assembled using Geneious,Fri Oct 25 14:10:04 PDT 2024,DNA,CATTACCGAATTGTCAACACGAGTTGTTGCTGGTCCTCAAATGGGGACATGTGCACGCTCTGTTTGCACATCCACTCACACCTGTGCACCCTCTGTAGTTCTGCAGCCTGGGGGGCTCTGTCCCCCTGCCGTGGTTCTATGTATTTACACACACACACACGTTGTAATAAAGTCTCATGGAATGTATACCGCGCTTAACGCAATACAATACAACTTTCAGCAACGGATCTCTTGGCTCTCGCATCGATGAAGAACGCAGCGAAATGCGATAAGTAATGTGAATTGCAGAATTCAGTGAATCATCGAATCTTTGAACGCACCTTGCGCCCTTTGGTTATTCCGAAGGGCATGCCTGTTTGAGTATCATGAACACCTCAACTCTCATGGCTTGCCATGATGAGCTTGGACTTTGGGGGTCTTGCTGGCCTGGGGTCAGCTCCTCTCAAATGAATTAGCTTGCCAGTGTTTGG,Consensus Sequences,linear,
Contig 34,,10 reads from MBH assembled using Geneious,Fri Oct 25 14:10:04 PDT 2024,DNA,TCATTATCATGTAAATTCAGTCATGCTTGCTGCGTGAGCTGCAATACACCCACCCTGCGTACACATCTCCTGTTGCTTCCGCCGTGCCCAGATGACAATCTGCTCGGCGGGAGGGTAGAAAATAACCTCCAAGTCATACTATATAGAATCTGTCTGAACAAATGAAGAAACCAAATTAAATGTTAAAACTTTCAGCAACGGATCTCTTGGTTCTCGCATCGATGAAGAACGCAGCGAAATGCGATAAGTAGTGTGAATTGCAGAATTCAGTGAATCATCGAATCTTTGAACGCACATTGCGCCTCCTGGTATTCCGGGAGGCATGCCTGTTCGAGAGTCATTGACAACCACATCGAACCCCCCAGTTTCAGTCCTCGAGGATCCTTGGGGGAGATCGGTTCTGGAGGATGAGGAATGAGAGTTGCCCTGCAGAGAGCCCCCTCCTGCCCACCAAAATTCAGCGAGTTCAGCGGTGAGCGCTGCGTTGTTTTGGTGGGTGAATAGTTGGTGGKCTGTGATTGGCAAATCGCCTCCCCTCCGAAATTCATACGCGGTCTGTGTTCAAAAACCCACATGTTTTACGGGCGTTGTAGAGGCGGCCCCTCACAANTTTGGAGGAGCCACTTTTTCGCGAGTATAATAGTGCAGGTTTCGGGACCACGGACTAGCCGGCCATACAAAAAAAAGGAATAAAAATCCCCCGTA,Consensus Sequences,linear,
Contig 35,,10 reads from MBH assembled using Geneious,Fri Oct 25 14:10:05 PDT 2024,DNA,GTCATTACAACGTAAAAACGTCCCCGTCAGGGAGTCGGTGGCCAGCGGGCGCCTGAGCGGCGTCGGGCCCGTGCCCGGCGGGCCAGTGATTGTAGCTTCGCTAGGGGGGTGGACCCAAACGAAGGTTCAAAGACAACCGGGAGGACCCACGTCACACCTGCCAGCCGGTGCGGCACCCCGACGACGACTCTCGCGTGGTCGCGACCGTCCGGCTCTCTGCCACACACAAACCACTCTGCGTACCTTTCCACGTTGCTTCCCCGTCCCGTCCACGGAGCGGGGGAGGTCCAACCCACGAAACCCTTGATCTAGAACCGTCCGTCAGAAGTAAAAGCTGTTTTACAAAAACTTTCAACAACGGATCTCTTGGTTCCCACATCGATGAAGAACGCAGCGAAATGCGATAAGTAATGTGAATTGCAGAATCCAGTGAATCATCGAATCTTTGAACGCACATTGCGCCCTCYGGCATTCCGGGGGGCATGCCTGTCCGAGTGTCATCAAACACCCTCCCCCGAGACCTTCTCATAGCGCGTTGGCAAAGGGGGGTATTGGCCGTCCGGCTTTCCGCGGGTCCGCTTCGGCGGCCCGACCGGGNCCCGGCTCAAATTCCAGGTCTGNAGGCCAGGAGCGTGCTGTCGGTCGACGTAATGGTAAACACGTAACGCCTTCCCAGCCCCAG,Consensus Sequences,linear,
Contig 36,,10 reads from MBH assembled using Geneious,Fri Oct 25 14:10:05 PDT 2024,DNA,GGATCATTACTGATTGCGAATCGTTGCCTTCTGTGCTGGCCAGTCTCTGGCAAGTGCACGTCGGTGACTTTCATCCAATACCCTGTGCACCTTTGGCCTCTTGCTAGCTTCGGCCGGCAGAGGAATTTACACAAACTCGAATGTAATGAAATATATTGTCGTGCGCAAGCACTAATGTACAACTTTCAACAACGGATCTCTTGGCTCTCGCATCGATGAAGAACGCAGCGAAATGCGATAAGTAATGTGAATTGCAGAATTCAGTGAATCATCGAATCTTTGAACGCACCTTGCACCCTTTGGCATTCCGAAGGGTATGCTCGTTTGAGTGTCATTGTACTCTCACACTCCCGATCTTTGGATTGGGAGCGGTGGACTTGGGTGTTGCTGCTTACCGTGGCTCACCTCAAATGGATTAGTGCAACTCTTGGTTGGACATAGTACGGCGTGATAAGTGTCTTCGCCGGCGCCTCACTTTTAGAGGGTGGCCGATCGGGAGCTCTGTGCTTCAAACCGTCTTCGGACAATGACTGACAACTTGACCTCAAATCGAGTAGGACTACCCGCTGAACTA,Consensus Sequences,linear,
Contig 37,,10 reads from MBH assembled using Geneious,Fri Oct 25 14:10:05 PDT 2024,DNA,GANATTATCATACAACCGAGGTGTAAGGGCTGTCGCTGACCTTCCAAAGGTTGTGCACGCTCAAGCACTCTCACACATCCATCTCACCCCCCTTGTGCATCTCCGCGTGTGCCCTCCTTATGCAAAGAGCTYTTGYGTCTTCACATAAAACTTGATACAGTGTAGAATGTTATTCTTTTCTTTTTTGCGGKCACACGCAATCAATACAACTTTCAACAACGGATCTCTTGGCTCTCGCATCGATGAAGAACGCAGCGAAATGCGATACGTAATGTGAATTGCAGAATTCAGTGAATCATCGAATCTTTGAACGCACCTTGCACCCCTTGGCATTCCGAGGGGTACACCCGTTTGAGTGTCGTGAAATCATCAAAAAAACCTTTTTTCTTTTGATCTTTTCTTGGTCAGGAAAAGGATTTTTGGACTTGGAGGTTTCATGCTTGCTTTCNAANGTGAAAGTGAACTCCTCTCAAATAAAATA,Consensus Sequences,linear,
Contig 38,Fri Oct 25 14:10:06 PDT 2024,10 reads from MBH assembled using Geneious,Fri Oct 25 14:10:06 PDT 2024,DNA,GTNGCACGCCCGAGTGCTCTCACACACATCCATCTCACCCCTATGTGCATCAACGCGTGGGTTTCCTTTGAAAAAGGGGGGCCCGCGTTTTTTTCCCCACACAAATCTCAAAGTAATATAGAATGTACTTTTCTTTTTGCGGTGACACGCAAATCAATACAACTTTCAACAACGGATCTCTTGGCTCTCGCATCGATGAAGAACGTAGCGAAATGCGATACGTAATGTGAATTGCAGAATTCAGTGAATCATCGAATCTTTGAACGCACCTTGCGCCCCTTGGCATTCCGAGGGGCACACCCGTTTGAGTGTCGTGGAATCTTCAAAACCTTTTTTCTTTCTTTCTTTGATTGAGAAAAGGATTTTGGACTTGGAGGATCGATGCTTGCTTTTCTTTTTGAAAGGCGAGCTCCTCTCAAAGGAATTAGTGGGGGTTTGCTTTGCTGATCC,Consensus Sequences,linear,
Contig 39,Fri Oct 25 14:10:06 PDT 2024,10 reads from MBH assembled using Geneious,Fri Oct 25 14:10:06 PDT 2024,DNA,CCTTCCCGGGGGGTGGGGGCCCAGACCTCCCACCCTTGTCGATTGTACCGTGTTGCTTCGGCGGGCCCGCCATGGTTGGCCGCCGGGGGGTTCGCGAATGCCGCCCCCGGGCCTGTGCCCGCCGGAGACTCCCTCGAAACGCTACTGTGGTCAGGAATGCTGTCTGAGTCTTGAGAAATTGATCAAAAAACTTTCAACAATGGATCTCTTGGTTCCGGCATCGATGAAGAACGCAGCGAAATGCGATAAGTAATGCGAATTGCAGAATTCCGTGAGTCATCGAATCTTTGAACGCACATTGCGCCCCCCGGCTTCCCGGGGGGCATGCCTGTCCGAGCGTCATTGCCATCCCCTCAAGCTCTGCTTGGCTTGTTGGGCCAGCGTCCGCCTGCGGCTCCTGTCGCGGGGGGACGGCCC,Consensus Sequences,linear,
Contig 40,,9 reads from MBH assembled using Geneious,Fri Oct 25 14:10:06 PDT 2024,DNA,GTCATTATTGATAGTTTTTATTATCAAAAACCCCTTTGTCTATCATTTACCATGTTGCTTCCATTGGACAGACCGGCATTGTGTATACAAGTTGGTCCTCTAGTTTTGTGTTTCTTTGGGCACTAGCTAGGGAGCTGCCAGTGGATAGAATCCAAATAGAAAAATTCGTGAAGAAATATATTGTCTGAATTATTAGTACAAAACAAATAAAACTTTCAACAACGGATCTCTAGGCTCTTGCATCGATGAAGAACGCAGTGAAATGCGATAAGTAATGTGAATTGCAGAATCTCGTGAATCATCGAATCTTTGAACGCACATTGCGCCCTATGGAATTCTGTAGGGCATGCCTGTCTGAGCGTCAGCAGCAAAAAAAATCAAGATCTTTGTAGGTAAAGATTTGGATTTAGTTAAGAGATGTAATCTGTGAAGAACCGGTTACTCTTTTGAAATTTAAAGGCAGTATTGATCAATCCAACTGTAAACGTGATAAAAACATTTCGTTTTTATTGTTAGGAATGAGCTTTTTGCTTGCCTATAAACCCACTCATCTTCATGGTGGACCTCAGATCAGGTAGGGATACCCGCTGAACTTA,Consensus Sequences,linear,
Contig 41,,9 reads from MBH assembled using Geneious,Fri Oct 25 14:10:06 PDT 2024,DNA,CATTATTGATTGCGAATGGTTGTCTCCAGTGCTGGCCGGGTCACTCTGGCAAGTGCACGGAGACAGCTTTCATCCAATACCCTGTGCACCTTTGGCCTCTTGCTAGCTTCGGCCAGCAGAGGATTTTACACCCACTCGCATGTAATGAAATTACTGTTGTGCACAAGCACTACTATACAACTTTCAACAACGGATCTCTTGGCTCTCGCATCGATGAAGAACGCAGCGAAATGCGATAAGTAATGTGAATTGCAGAATTCAGTGAATCATCGAATCTTTGAACGCACCTTGCACCCTTTGGTATTCCGAAGGGTATGCTCGTTTGAGTGTCATTGTACTCTCACACTCCCGATTGTTTGGATCGGGAGTGGTGGACTTGGGTGTTGCTGCTTTCCAGTGGCTCACCTTAAATGCAGTAGTGCAACTCTCGGTTGGACATAGTACGGCGTGATAAGTGTCTTCGCCGGCACCTCCTCACAGAGGGTNGGCCGATCGGGGAGCTCTGTGCTTCCCAACCGTCTTCGGACAACGACTGACAANCTTGACCTCNAAATCGAGTAGGACTACCCCNGCTGAACTTAAGCANT,Consensus Sequences,linear,
Contig 42,,9 reads from MBH assembled using Geneious,Fri Oct 25 14:10:07 PDT 2024,DNA,GGTCATTATTGAATAAATTGAACAGGCTGTTGCTGGTCCTCTCTTTTGTGGAGGGTGCATGTGCACGCTTGTCATCTTTATTTCTCCAACTGTGCACATATTGTAGACCTGGAGACGTAGGTTGATTCATATCGAGTTGGCACTGCAGTGCTTACAAAAAGTCTGCTCTGCCTTTTGCATTTCCAGGTCTATGTCATTTTCACAATCTCAATGTGTTTAGAATGTTGAATCAGGTGCTTTTGTACCTATAAAGTTAAATATACAACTTTCAGCAACGGATCTCTTGGCTCTCGCATCGATGAAGAACGCAGCGAAATGCGATAAGTAATGTGAATTGCAGAATTCAGTGAATCATCGAATCTTTGAACGCATCTTGCGCTCCTTGGTATTCCGAGGAGCATGCCTGTTTGAGTGTCATTTCAAGCTCTCAACCACATCAATCTATTAATTTTTTTTTGTGTGGGCTNCGGGAKRDGGGGDGDTTCTTGCCCBCBGTCTTGBHGNTCGGVBVBVCKRDVDCYCCCYNCAAAWAWAAKWANTAAGTATCTGGGGCAGAAAAAAAAAAACAAA,Consensus Sequences,linear,
Contig 43,,9 reads from MBH assembled using Geneious,Fri Oct 25 14:10:07 PDT 2024,DNA,GNGGTCATTATTGAAATAAACCTGATGGGTTGTTGCTGGTTCTCTAGGGAGCATGTGCACACCTTGTCATCTTTATATCTCCACCTGTGCACTTTTTGTAGACCTTTCAGGTCTATGTTGCTTCATTTACCCCAATGTATGTTAATAGAATGTTGTGCCTATATAATATATACAACTTTCAGCAACGGATCTCTTGGCTCTCGCATCGATGAAGAACGCAGCGAAATGCGATAAGTAATGTGAATTGCAGAATTCAGTGAATCATCGAATCTTTGAACGCACCTTGCGCTCCTTGGTATTCCGAGGAGCATGCCTGTTTGAGTGTCATTAATATATATNNCAACCTTCTCTTGTAGAGTGGTTTGGATGTGGGGGTTTGCTGGCYTCTTAAATGATTCAGCTCCYCTGAAATGCATTAGCAGAACAACCTGTTCATTGNGCGTGATAACTATCTACGNCTATTGGGATGTGATGGGGCAGKTCAGCTTTTCTAAANTGTCCTCGGGACAATTCATCATCMAMNGTGACCTCAAATCNAGGTAGSNACTACCCGCTGAACTAG,Consensus Sequences,linear,
Contig 44,,9 reads from MBH assembled using Geneious,Fri Oct 25 14:10:07 PDT 2024,DNA,GCGGAGGATCATTACTGAGTGAGGGCCCTCTGGGTCCAACCTCCCACCCGTGTTTATCGTACCTTGTTGCTTCGGYGGGCCCGCCTCACGGCCGCCGGGGGGCATCTGCCCCCGGGCCCGCGCCCGCCGAAGACACCATTGAACGCTGTCTGAAGAWTGCAGTCTGAGCNATAAACWAAATAAGTTAAAACTTTCAACAACGGATCTCTTGGTTCCGGCATCGATGAAGAACGCAGCGAAATGCGATAACTAATGTGAATTGCAGAATTCAGTGAATCATCGAGTCTTTGAACGCACATTGCGCCCCCTGGTATTCCGGGGGGCATGCCTGTCCGAGCGTCATTGCTGCCCTCAAGCCCGGCTTGTGTGTTGGGCCCCGTCCNCCCTCNCCGGGGGACGGGCCCGAAAGGCAGCGGCGGCACCGMGTCCGGTCCTCGAGCGTATGGRGCTTTGTCACCCGCTCTGTAGGCCCGGCCGGCGCCAGCCGACANACCCATCATCCTTTTCAGGTTGACCTCGGATCAGGTAGGGATACCCGCTGAACTTAAGCWAT,Consensus Sequences,linear,
Contig 45,,9 reads from MBH assembled using Geneious,Fri Oct 25 14:10:08 PDT 2024,DNA,CGGCAAGGTCATTAATGAGTTGTGAAGGGGTTTGATGCTGGCACCCAAATGCATGTGCTCGCCCTGACAATCATCTTCCAAACACCTGTGCACATTTTTGAGGGAATTTTGAGTTGATTACCATTTTTGGGTGATTTTCTTGTATTCCCTTAAATTACTATACGCTGATAACAATGCTGAACGTGTTTTGTGCCGCAAGGCCATTAATAATATATAACTTTTAACAACGGATCTCTTGGCTCTCGCATCGATGAAGAACGCAGCGAAATGCGATAAGTAATGTGAATTGCAGAATTCAGTGAATCATCGAATCTTTGAACGCACCTTGCGCTCCCTGGTATTCCGGGGAGCACGCCTGTTCGAGTGTCGTGAAATTTCTCAAGCTTGGATGGCCTTTATGTCTGTCCTTAGCCTTGGTTGKTGGGCTTTSYSSTGTCCTTCWYTGGRGMSRGCTGSNCCTTAAANTGCATTWRKYGATATCTTGGTGTTGCCACTAGCCTCGACGCAGCGTGATATATAANTCCACGTCGCTGAAGTACATTTCTN,Consensus Sequences,linear,
Contig 46,,9 reads from MBH assembled using Geneious,Fri Oct 25 14:10:08 PDT 2024,DNA,CCTNCGGAAGGTCATTATTGAACTGTCGACATGAGCTGTTGCTGGTCCTCAAACTGGGGGCATGTGCACGCTCTGTTTACACATCCACTCACATCTGTGCACCCTCTGTAGTTCTATGGTCCAGGGGAGAGACTCTGTCCTCCTCTCATAGTTCTACATTACCACACACACACTGTAATAAAGTCTTATGGAATGTATTCCGCGTTTAATGCAATGCAATACAACTTTCAGCAACGGATCTCTTGGCTCTCGCATCGATGAAGAACGCAGCGAAATGCGATAAGTAATGTGAATTGCAGAATTCAGTGAATCATCGAATCTTTGAACGCACCTTGCGCCCCTTGGCCATTCCGAGGGGCATGCCTGTTTGAGTATCATGAACACCTCAACTCTCATGGCTTGCCGTGATGAGCTTGGACTTTGGGGGTTTTGCTGGCCTCTGTGGTCAGCTCCT,Consensus Sequences,linear,
Contig 47,Fri Oct 25 14:10:08 PDT 2024,8 reads from MBH assembled using Geneious,Fri Oct 25 14:10:08 PDT 2024,DNA,GCGGAGGTCATTATCGTTNAACCGAGGCGCGACGGCTGTCGCTGACCTTCCCCGGTCGTGCACGCCCGAGCCCCTCTCACAATCCATCTCACCCTTTGTGCATCACCGCGTGGGTCCTCCTTTGCCGGAGGGTCCGCGTCTTTACACAAAACTCGATACAGTGTAGAATGTTTATTTTCGCGCTCGCACGCGATCAATAATACAACTTTCAACAACGGATCTCTTGGCTCTCGCATCGATGAAGAACGCAGCGAAATGCGATACGTAATGTGAATTGCAGAATTCAGTGAATCATCGAATCTTTGAACGCACCTTGCGCCCCTTGGCATTCCGAGGGGCACACCCGTTTGAGTGTCGTGAAATCTTCAAAAACCCTCTCTTTTGAGGATTTTTGGACTTGGAGGTTCAATGCTCGCTTTCGCCTTTTAGAAAGCGAGCTCCTCTCAAATGAATCAGTGGGGTCTGCTTTGCCGGTCCTTGACGTGATAAGATCTTTCTACGTTTTGRWTTCGACATCGTCCCGCTCCCAATCGTCCCACGGACAAAAGGATGGTGCTCCGGTCGCGGTCGGGACCCACCAAAAAAAACCTTGACCTCAAATCGGGTGAGACTACCCGCTGAACTT,Consensus Sequences,linear,
Contig 48,,8 reads from MBH assembled using Geneious,Fri Oct 25 14:10:08 PDT 2024,DNA,NTTACCGAACYGTCGACAMGAGTTGTCGCCGGCCCTCGAAAGGGGCACGTGCACGCTCTGTTTACACATCCACTCACACCTGTGCACCCTCTGTAGTTCTATGGCCTTGGGGACTCTGTCCCCTCGCCGTGGTCCTACGTCTTTACACACACACACCGTAACGAAGTCTCATGGAATGCATGTCGCGTTTAACGCAATACAATACAACTTTCAGCAACGGATCTCTTGGCTCTCGCATCGATGAAGAACGCAGCGAAATGCGATAAGTAATGTGAATTGCAGAATTCAGTGAATCATCGAATCTTTGAACGCACCTTGCGCCCTTCGGCTATTCCGAAGGGCATGCCTGTTTGAGTATCATGAACACCTCAACTCTCATGGTCCGCCATGACGAGCTTGGACTTTGGGGGTCTTGCCGGCCTAGTGTCGGCTCCTCTCAAACGGATCAGCTTGCCAGTGTTTGGTGGCGTCACGGGTGTGATAACTATCTACGCTTGTGGTTTCCGCCATGTAACCTTCAGCGATGGAGGTTCGCTGGAGCTCACAGATGTCYCTCCTCAGCGAGGACRGCTTTTNGAACGTTTGATCTCAAATCAGGTAGGACTACCCGCTGAACTTA,Consensus Sequences,linear,
Contig 49,,8 reads from MBH assembled using Geneious,Fri Oct 25 14:10:09 PDT 2024,DNA,CGGNAGGACATTATAGAATAAACTTGAATGGGCTGTTGCTCTCTTATGGTGCACGCCTGTCATATTTATCTCTCCTACTGTGCACATTTTGTAGACCTGGTGTTTGGGAATTGCCACGGTTTGGCTTTGCCCTTTGGGTCTATGTTACTTTATCACAACCTCTGAATGTTTTGAACTTTATAATGGAAATTTATACAACTTTCAGCAACGGATCTCTTGGCTCTCGCATCGATGAAGAACGCAGCGAAATGCGATAAGTAATGTGAATTGCAGAATTCAGTGAATCATCGAATCTTTGAACGCATCTTGCGCTTCTTGGTATTCCAAGGAGCATGCCTGTTTGAGTGTCATTAAAGTTCTCAAAACCCACATGGTGGAATTTTGGATATGGGGGCTGCAGGCTTCTAGAAGTCGGCTCTCCTGAAATGTATCAGTGGTATCTGTGGAGTTCTACTGCGTGATAAATAAAATCTATGCCTTGTCTCTCACTGTGCTGCTTCTGACGAGNTGGATTNGACAAAWTTGACCTCAAANTNCAGGTANGACTANCCGCTGAAYTW,Consensus Sequences,linear,
Contig 50,,8 reads from MBH assembled using Geneious,Fri Oct 25 14:10:09 PDT 2024,DNA,ATGCGGAATRRTCATTATAGTATAACTGAGGCGCGACGGCTGTCGCTGACCTTTCGGTCGTGCACGCCCGAGTGTTCTCAAAAACATCCATCTCACCCCTTGTGCACCACCGCGTGGKCACCCTTTCGACTCGTTCGGAGGGGAGCTCGCGTTTTCACACAAACTCTGTACGGTGTAGAATGTCTTCCTTTGCGATCACACGCAATTAATACAACTTTCAACAACGGATCTCTTGGCTCTCGCATCGATGAAGAACGCAGCGAAATGCGATACGTAATGTGAATTGCAGAATTCAGTGAATCATCGAATCTTTGAACGCACCTTGCGCCCCTTGGCATTCCGAGGGGCACACCCGTTTGAGTGTCGTGAAATTCTCAAAACCCTTTTCTTTTGAAAGGATTTTGGACTTGGAGGCTTTTTGCTGGCTTCGCCTTGAAGTGAGCTCCTCCCAAACGAATTANTGGGGTCCGCTTTGCCGATCCTTGACGTGATAAGATGNTTCTACGTCTTGG,Consensus Sequences,linear,
Contig 51,,8 reads from MBH assembled using Geneious,Fri Oct 25 14:10:09 PDT 2024,DNA,GGACATTACTGAATTGNNGACATGAGCTGTTGCTGGTCCTCAAATGGGGGCATGTGCACGCTCTGTTTACACATCCACTCACACCTGTGCACCCCTGTAGTTCTGTGGTTTGGGAGGCCTTGTCTTCCTTCCGTAGTCCTACGTCTTTACACACACACATTGATGAAGTCTTGTGGAATGTATGCAGCGTTTAACGCAATACAATACAACTTTCAGCAACGGATCTCTTGGCTCTCGCATCGATGAAGAACGCAGCGAAATGCGATAAGTAATGTGAATTGCAGAATTCAGTGAATCATCGAATCTTTGAACGCACCTTGCGCCCTTTGGCTATTCTGAAGGGCATGCCTGTTTGAGTATCATGAACACCTCAACTCTCATGGTTTTCCGTGACGAGCTTGGACTCTGGGGGTTTGTTGGCCTATGGTTAACTCCTCTCAAATGAATCAGCTTGCCGGTGTTTGGTGNCA,Consensus Sequences,linear,
Contig 52,,8 reads from MBH assembled using Geneious,Fri Oct 25 14:10:09 PDT 2024,DNA,AAGRGYWGTCGCTGACCYTCAAAGGTTGTGCACGCCTGAGCACCCTCACACATCCATCTCACCCCTTTGTGCATCACCGCGTGGGTCTCCTTTTTGCAAAGGAGCTCATGTTTTCACACAAAACTTGATACAGTGTAGAATGTTATCTTTGCGGTCACACGCAATCAATACAACTTTCAACAACGGATCTCTTGGCTCTCGCATCGATGAAGAACGCAGCGAAATGCGATACGTAATGTGAATTGCAGAATTCAGTGAATCATCGAATCTTTGAACGCACCTTGCGCCCCTTGGCATTCCGAGGGGCACACCCGTTTGAGTGTCGTGAAACCCTCAAAAATCCTTTTCAGTAAGCGATTTTTGGACTTGGAGGTTTAATGCTTGCCTTTCACCTTTGAAAGCAAGCTCCTCTCAAATGAATTAGTGGGGTCTGCTTTGCTCGATC,Consensus Sequences,linear,
Contig 53,Fri Oct 25 14:10:10 PDT 2024,8 reads from MBH assembled using Geneious,Fri Oct 25 14:10:09 PDT 2024,DNA,TTTTGAAAGGGTCGTGCACACCTCGGTGCTCTCGCACATAAATCCATCTCACCCCTTTTGTGCATCACCGCGTGAGGACCCCTTTTGGCTAGTTCTGAGGGGGGTTTTCACGTTTTTACACAGACACATGCAATGCGTAGAATGTCTTACTTTTTTGCGATCACACGCAATCAATACAACTTTCAACAACGGATCTCTTGGCTCTCGCATCGATGAAGAACGCAGCGAAATGCGATACGTAATGTGAATTGCAGAATTCAGTGAATCATCGAATCTTTGAACGCACCTTGCGCCCTTTGGTATTCCGAGGGGCACACCCGTTTGAGTGTCGTGACATTCTCAAAACCTTCTCGGTTTCTTGACCGGGAAGGCTTTGGACTTTGGAGGCTTTTGCTGGCATTCCTTTGTTGGA,Consensus Sequences,linear,
Contig 54,,8 reads from MBH assembled using Geneious,Fri Oct 25 14:10:10 PDT 2024,DNA,CCACAATTCAAACCCACTCTGCGTACCTTTCCCGTTGCTTCCATGGGAGCGGCTAACCTCCCTCCTGTGTGGGGAGGTCCCCCGAGACAAGCCCCTGCCATCGTTGCAGGCGGTGTGGTCTTGGTCCATGAAGACGCCTTCCTGCGGAGGGTGTGAAGAAAACCATTTGCATTATCTTGCCATCAGTCTGAATTTTGTTAATAACAATTGTTAAAACTTTCAACAACGGATCTCTTGGTTCTCGCATCGATGAAGAACGCAGCGAAATGCGATAAGTAGTGTGAATTGCAGAATTCAGTGAATCATCGAATCTTTGAACGCACATTGCGCCTCCTGCATTCCGGAGGCATGCCTGTTCGAGCGTCATAAAAACCCACTCAAGCTCTTT,Consensus Sequences,linear,
Contig 55,,8 reads from MBH assembled using Geneious,Fri Oct 25 14:10:10 PDT 2024,DNA,CACCCTTTGNTCATCTCGGAGGGGGCTCGCGTTTTCACACAAACCCCCCTTTTAAAAGTGTAGAATGACCTCATTTATGCGCTAACCCGCAATCAATACAACTTTCAACAACGGATCTCTTGGCTCTCGCATCGATGAAGAACGCAGCGAAATGCGATACGTAATGTGAATTGCAGAATTCAGTGAATCATCGAATCTTTGAACGCACCTTGCGCCCCTTGGATTCCGAGGGCACACCCGTTTGAGTGTCGTGAAAACCTCAACCTCCTTGGTT,Consensus Sequences,linear,
Contig 56,,7 reads from MBH assembled using Geneious,Fri Oct 25 14:10:10 PDT 2024,DNA,CGGAGGACATTATCGTACTACAGAGGTGCTCAGGTTGTCGCTGACCTTTTGGTCGTGCACGCCCGAGTGCTCTCAATCCATTTCACCCTTTGTGCATCACCGCGCGRGGTCTCTTCCTCTTGGCTTGCTTCGAGAGGGGGAGGCTCGCGTTTTTCATACAAACACCCTTCTAGTTTAGAATGTCATTCATTTGCGATCATACGCAATCAATACAACTTTCAACAACGGATCTCTTGGCTCTCGCATCGATGAAGAACGCAGCGAAATGCGATACGTAATGTGAATTGCAGAATTCAGTGAATCATCGAATCTTTGAACGCACCTTGCGCCCCTTGGTATTCCGAGGGGCACACCCGTTTGAGTGTCGTGAAATTCTCAAACCTTCTTGGTTTCTTGATCAAGATGGCTTTGGACTTTGGAGGCATTTGCTGGCTTTGCGAAAAGCCAGCTCCTCTTGAATGCATTAGTGGGGTCCCCTTTGCCGATCCCCAGGCGTGATAAGATGTTTCTACGTCTTGGGATTTGCTCTGTTCCTTGGGAACCCGCTTCTAACCGTCTCATGGAAGRACATCGTTCGAGCTTGCTCGACCCACGAACCTTGACCTCAAATCGGGTGAGACT,Consensus Sequences,linear,
Contig 57,,7 reads from MBH assembled using Geneious,Fri Oct 25 14:10:10 PDT 2024,DNA,TCATTACCGAGTCGTCGACATGGGTTGTTGCTGGTCCTCAAATGGGGGCATGTGCACGCTCTGTTCACACATCCACTCACACCTGTGCACCCTCTGTAGTTCTGCGGTTTGGGGGATGCGTCGCATCCCTCCTGTGGTTCTATGTCTTTACACACACACACGCTGTAGCGAAGTCTTATGGAATGTGCGCCGCGTTTAACGCAATACAATATAACTTTCAGCAACGGATCTCTTGGCTCTCGCATCGATGAAGAACGCAGCGAAATGCGATAAGTAATGTGAATTGCAGAATTCAGTGAATCATCGAATCTTTGAACGCACCTTGCGCCCCTTGKCTATTCCGAGGGGCATGCCTGTTWGAGTATCATGAACACCTCAACTCTCACGGTCCGCCGNTGATGAGCTTKGACTTTGGGGGTTTTGCTGGCCCTGTGGTTGGCTCCTCTCAAACAGATCAGCTTGCCAGTGTTTCGGTGGCATCRCAGGTGTGATAACTATCTACGCTTGTGGTCGTCTGCTGGGTAACCTCCATCCCTGGNGGTTCGCTGG,Consensus Sequences,linear,
Contig 58,,7 reads from MBH assembled using Geneious,Fri Oct 25 14:10:10 PDT 2024,DNA,GATCATTMWYKAMCRTMSRWSGGCGCNNMAGGGGCTGYCGCTGACCTTCAAAGRTCGTGCACGCCCGAGCCCTCTCACAATCCATCTCACCCTTTGTGCATCACCGCGTGGGTCCCCCTTTGCGGGAGGGCTCGCGTTTTCACATAAAACTCGATACAGTGTAGAATGTTCATTTTTGCGGTCGCACGCAATCAATACAACTTTCAACAACGGATCTCTTGGCTCTCGCATCGATGAAGAACGCAGCGAAATGCGATACGTAATGTGAATTGCAGAATTCAGTGAATCATCGAATCTTTGAACGCACCTTGCGCCCCTTGGCATTCCGAGGGGCACACCCGTTTGAGTGTCGTGAAATCCTCAAAATCCTCTTCTTTGAAAAGGATTTTTGGACTTGGAGGTTTAATGCTCGCCTTTTGCATTTGAAAGCGAGCTCCTCTCAAAAGAATCAGTGGGGTCTGCTTTGCTGGTCCTTGACGTGATAAGATGTTTCTACGTTTNGGATNTGGCATG,Consensus Sequences,linear,
Contig 59,Fri Oct 25 14:10:11 PDT 2024,7 reads from MBH assembled using Geneious,Fri Oct 25 14:10:11 PDT 2024,DNA,TCGTGCACGCCCGAGTGCTCTCACATACACATATCCATCTCACCCCTTTGTGCATCACCGCGTGGGTCCCCTTCCTCGGAGGGGGTGCTCACGTTTTTAACATTAAACACCCCATTCGAACGTATCGTAGAATGTTCTTTGCGCGATCACGCGCGATCAATACAACTTTCAACAACGGATCTCTTGGCTCTCGCATCGATGAAGAACGCAGCGAAATGCGATACGTAATGTGAATTGCAGAATTCAGTGAATCATCGAATCTTTGAACGCACCTTGCGCCCCTTGGCATTCCGAGGGGCACACCCGTTTGAGTGTCGTGAACATCCTCAACCTGCTTCGTTTTACCGAACCAAGTAGGCTTGGAATTTGGAGGTTTTCTGCTGGCTTCCTCCGAAGCCAGCTCCTCTTAAATCTATCAGTGGGATCCGCTTTGCTAGATCCTCGACG,Consensus Sequences,linear,
Contig 60,,6 reads from MBH assembled using Geneious,Fri Oct 25 14:10:11 PDT 2024,DNA,TTACTGAGTCGTTGACACGAGTTGTTGCTGGTCCTCAAACGGGGGCATGTGCACGCTCTGTTCACACATCCACCCACACCTGTGCACCCTCTGTAGTTCTATGGTCTGGGGGACACACCATCTCCCTCCTGTAGTTCTACGTCTTTACACACACACACCGTAGCAAAGTCTTATGGAATGTGCATCGCGTTTAACGCAATACAATACAACTTTCAGCAACGGATCTCTTGGCTCTCGCATCGATGAAGAACGCAGCGAAATGCGATAAGTAATGTGAATTGCAGAATTCAGTGAATCATCGAATCTTTGAACGCACCTTGCGCCCCTTGGCTAATCCGAGGGGCATGCCTGTTTGAGTATCATGAACACCTCAACTCTCATGGTTTGCCATGACGAGCTTGGACTTTGGAGGTTTTGCTGGCCCGTGGTCAGCTCCTCTCAAACAAATCAGCTTGCCAGTGTTTGGTGGCGTCACAGGTGTGATAACTATCTGCGCTTGTGGTTGTCCGCTGGGTAACCTTTGGCAACAGAGGTTTGCTGGNAGCTTACAAATGTCTTCCTTGGTGGAGACAGCTTTTTGAACGTTCGATCTCAAATCAGGCAGGACTACCCGCTGACTTA,Consensus Sequences,linear,
Contig 61,Fri Oct 25 14:10:11 PDT 2024,6 reads from MBH assembled using Geneious,Fri Oct 25 14:10:11 PDT 2024,DNA,TTATCGTACAACGGAGGTGTAAGGGCTGTCGCTGACCTTCAAAGGTTGTGCACGCCCGAGCCCTCTCACACCAATCCATCTCACCCTTTTGTGCATCACCGCGTGGGTCCCCCCCGTTGCCGGGGGAGGGCTTGCGTTTTCACATAAAACTTGACACAATGCAGAATGTTTTCTTTTTTTTNNNGCGGTTACATGCAATCAATACAACTTTCAACAACGGATCTCTTGGCTCTCGCATCGATGAAGAACGCAGCGAAATGCGATACGTAATGTGAATTGCAGAATTCAGTGAATCATCGAATCTTTGAACGCACCTTGCGCCCCTTGGCATTCCGAGGGGCACACCCGTTTGAGTGTCGTGAAATTCTCAAAAACCCCTCTTCTTTGATCCTTTCGGGGTTCGGAAAGGGGATTTTTGGACTTGGAGGTTCAATGCTCGCCTTTCACTTTTGAAAGCGAGCTCCTCTAAAATAAATTAGTGGGGTCCGCTTTGCCGATCCTTGACGTGATAAGATGTTTCTACGTTTTGGNTTTAGCACTGTCCCTTGNTTCCCGGCTTTCTAACCGTCTCACGGACAATGATGGTGCTCCGGTCACTGCCGTTTATATCGGCGGGAGGCTGG,Consensus Sequences,linear,
Contig 62,,6 reads from MBH assembled using Geneious,Fri Oct 25 14:10:11 PDT 2024,DNA,GCGGAAGGTCATTANTGAAAAGACTTTCCAAGTTTTTTTTATATCCCATTGTTTACCTTACCCTGTTGCTTTCCACTGGACWTGTTTWTTTACCTTGTGTAAANNGAGACCTTKGGCTTGTGTGAATTTCACMCTTGTYAGAGAGCTGCCAGTGGGAAGACTTATGTACCAAAACTTGATTATAAAAAAACACATTTGTCTGAATCTATTGCTTCAAATAAAACAAAACTTTCAACAACGGATCTCTAGGCTCTTGCATCGATGAAGAACGCAGTGAAATGCGATAAGTAATGTGAATTGCAGAATCTCGTGAATCATCGAATCTTTGAACGCACATTGCGCCCTATGGTATTCCGTAGGGCATGCCTGTCTGAGTGTCAGCTACCCCCCCCACTCTAGTGTCCTTTTGTGATACTGGGATTCCTTTGGAGAGGTGACTCAATATAGAGTCTCCCTTCAGAAATGTATAGGCAGTATGGTTTGTACTTGNAACCAGACGTAATAATAATAAAATCGTTTGTTTGGGTATAATTGTATTTGCCTTCATCCCACCCNTAATTTTTYWCAWYTGSGTGACCTCAGATCAGGTAGGGAT,Consensus Sequences,linear,
Contig 63,,6 reads from MBH assembled using Geneious,Fri Oct 25 14:10:12 PDT 2024,DNA,NGGWCATTATCGTAACAATGGGGGTGCAAGGGCTGTCGCTGACCTTCAAAGGTTGTGCACGCCTGAGTGCCCTCACACATCCATCTCACCCCTTTGTGCATCACCGCGTGGGTCTCCTTTTTGCAAAAGGAGCTCACGTTTTCACACCAAACTTGATACAGTGTAGAATGTTTATCTTTGCGGTCACACGCAATCAATACAACTTTCAACAACGGATCTCTTGGCTCTCGCATCGATGAAGAACGCAGCGAAATGCGATACGTAATGTGAATTGCAGAATTCAGTGAATCATCGAATCTTTGAACGCACCTTGCGCCCCTTGGCATTCCGAGGGGCACACCCGTTTGAGTGTCGTGAAATCCTCAAAAATCCTTTTTGGGCTTACTGAAAAGGATTTTTGGACTTGGAGGTTTAATGCTTGCCTTTCACCTGTGAAAGTGAGCTCCTCTCAAATGAATTAGTGGGGNTCCGCTTTGCCCGATCCTTGACGTGATAAGATGTTTCTACGTTTTGRRWTTTTGGCACTGTYCCNTTGGRTGNCCTGCTTCTAAACTGTCTCATGGNACAAWTGAAGGGGGGGCTCCCGGTTCCTTTGGCTTTN,Consensus Sequences,linear,
Contig 64,,6 reads from MBH assembled using Geneious,Fri Oct 25 14:10:12 PDT 2024,DNA,GGAGGNWCATTACCAAGTATAGGAAGGCCCATTCACGTGCCCGGTTATTCCAGGTGCGGAAGGKGGCCCGACCTCGAATCTCTCTCTGCGTACGACTCCCTGTTGCTTCCCCGGGAGGGCGACATGCCACCCGGGGAGGGCCCCCCCCTGAGAGCACAACGATGCCGACAAATGCACCTGTAGAACTCACCACCCCGGCCGTCTGATGCCCGGCGCACCGATCAGGGCGCAGGGAGCCAGGACGTGGACCGCAAACGGATAGAAAAAACTTTCAACAACGGATCTCTTGGTTCCCGCATCGATGAAGAACGCAGCGAAATGCGATAANGTAATGTGAATTGCAGAATTCAGTGAATCATCGAATCNTTTGAACGCACATTGCGCCCCCTGGCATTCCAGGGGGCATGCCTGTTCGAGCGTGTCCGAGAAGNTAGGCTCACGCGTGGAAACGCGTGGTTGTGGTGGCGGCGGCGGTCCCGACAGGGCGGCCATCCCGGCGGAATCGATGGCGGATGCCTGCCGCTCCGCAGAGCGTGATATTCTTTGCTATCGCCTCGAGGGCGGCGAGTGCGCCCAACCGCATCCATG,Consensus Sequences,linear,
Contig 65,,6 reads from MBH assembled using Geneious,Fri Oct 25 14:10:12 PDT 2024,DNA,CGGAGGRTCATTATTGAAATAAACCTGATGGGTTGTTGCTGGTTCTCTAGGGAGCATGTGCACGCCTTGTCATCTTTATATCTCCACCTGTGCACTTTTTGTAGGCCTTTCAGGTCTATGTTGCTTCATTTACCCCAATGTATGTCAATAGAATGTTGTGCCTATTTAATATATACAACTTTCAGCAACGGATCTCTTGGCTCTCGCATCGATGAAGAACGCAGCGAAATGCGATAAGTAATGTGAATTGCAGAATTCAGTGAATCATCGAATCTTTGAACGCACCTTGCGCTCCTTGGTATTCCGAGGAGCATGCCTGTTTGAGTGTCATTAATATATATATCAACCTTCTCTTTTTGAGTGGTTTGGATGTGGGGGTTTGCTGGCCTTGTAAAGGGTTCAGCTCCCCTGAAATGCATTAGCAGAACAACCCTGTTCATTGGTGTGATAACTATCTACGCTATTGAATGTAARGGGGCAGTTCAGCTTTCTAACAGTCCTCGGACAATTCATCATTAATGTGACCTCAAATCAGGTAGGACTACCCGCTGAACTTT,Consensus Sequences,linear,
Contig 66,,6 reads from MBH assembled using Geneious,Fri Oct 25 14:10:12 PDT 2024,DNA,CGGNGGATCATTACCGAGTGCGGGCCCTCTGGGCCCAACCTCCCACCCGTGTTTCATTATTACCTTGTTGCTTCGGCGGCCCCGCCGTTCCGGCCGCCGGGGGGCTTTCACGTCCCCGGCCCCGCGCCCGCCGAAGACACCYCCGAACGCTGCCTGAAGGTTGCAGTCTGAGTGATCATGATAAATAAGTTAAAACTTTCAACAACGGATCTCTTGGTTCCGKCATCGATGAAGAACGCAGCGAAATGCGATACGTAATGTGAATTGCAGAATTCAGTGAATCATCGAGTCTTTGAACGCACATTGCGCCCCCTGKTATTCCGSAGGGCATGCCTGTCCGAKCGTCATTGCTGCCCTCAAGCCCGGCTTGTGTGTTGRGCCGTCGTCCCCCGGACTCCCGGCGGACGGSCCCGAAAGGCAGSGGCGGSACCGYGTCCGGTCCTCGASCGTATGGGGCTTTGTCACCCGCTCCGTAGGCCCGGYCGGCGCCTCAGCCGACCCTYCAACCTTTATTTCTCCAGGTTGACCTCGGATCAGGTAGGGATACCCGCTGAACTTA,Consensus Sequences,linear,
Contig 67,,6 reads from MBH assembled using Geneious,Fri Oct 25 14:10:12 PDT 2024,DNA,TCATTACTGAATTGTTAACATGAGTTGTTGCTGGCCCCCCAAACAGAGGCATGTGCACGCTCTGTTTACACATCCACTCACACCTGTGCACCCTCTGTAGTTCTATGGCCCGGGTGACTCTGTCCCCTCGCTGTTGTTCTGCATCTTTACACACATACACTGTAACTTAGTTTTGTGGAATGTATCCTGCATATTATGCAATACAATACAACTTTCAGCAACGGATCTCTTGGCTCTCGCATCGATGAAGAACGCAGCGAAATGCGATAAGTAATGTGAATTGCAGAATTCAGTGAATCATCGAATCTTTGAACGCACCTTGCGCCCTTTGGCTATTCCGAAGGGCATGCCTGTTTGAGTATCATGAACACCTCAACTCTCATGGTTTGCCATGATGAGCTTGGACTCTGGGGGTCTTGCTGGCTCATAGTCAGCTCCTCTTAAATGAATCAGCTTTCCAGTGTTTGGTGGCATCACAGGTGTGATAACTATCTACGCTTGTGGNTGTCCTCCCAGGTAACCTTCGGGCATGGAGGTCGCTGGAGCTMAWAAACGC,Consensus Sequences,linear,
Contig 68,,6 reads from MBH assembled using Geneious,Fri Oct 25 14:10:13 PDT 2024,DNA,TCATTACAGAGTTCATGCCCTCCGGGTAGATCTCCCACCCATTGCTATCACTACTCTCGTTGCTTTGGCGGCCGCTGAGCCCTGCCCGGCCGCCGGCCCCGGSTGGGGCGCGCCCGCCAGAGACCTCACAGACTCTGAATGTTAKTGTCGTCCGAGTAACTATATAATCGTTAAAACTTTCAACAACGGATCTCTTGRTTCTGSCATCGATGAAGAACGCAGCGAAATGCGATAAGTAATGCGAATTGCAGAATTCAGTGAGTCATCGAATCTTTGAACGCACATTGCGCCCTGTGGTATTCCGCAGGGCATGCCTGTTCGAGCGTCATTTCAACCCTCAAGCCTCGCTTGGTGTTGYAGCCCTGCCCGCCGCGGCCGGCCCTAAAGATAGTGGCGGCGCCGCCTGGCCCTCAGCGTAGTACAGCTCTCGCTCCAGDBHCCGGNGNCAGCCTGCCAGAACCNCCCCAACTCTWNTGGNTGACCTCGGNTCAGKWRGNGATACCCGCTGAACTTAAGCAT,Consensus Sequences,linear,
Contig 69,Fri Oct 25 14:10:13 PDT 2024,6 reads from MBH assembled using Geneious,Fri Oct 25 14:10:13 PDT 2024,DNA,CTGTTGCTCTCCTATGGTGCACGCCTGTCATATTTATCCCTCCAACTGTGCACACTTTGTAGACCTGGTGTTTTGGGAATTGCTTACAGTAGTTGGCTTTGCCCTTTGCTTCTCGCCAGTCTATGTTATTTTATCACAACCTCTGAATGTTTTGAACTTTATGATGGAAATTATATACAACTTTCAGCAACGGATCTCTTGGCTCTCGCATCGATGAAGAACGCAGCGAAATGCGATAAGTAATGTGAATTGCAGAATTCAGTGAATCATCGAATCTTTGAACGCATCTTGCGCTTCTTGGTATTCCAAGGAGCATGCCTGTTTGAGTGTCATTAAAGTTCTCAAAACTACATGTTTGTTCGTGTGGAATTTTGGATATGGGGGTTGCAGGCTTTTCAAGTCGGCTCCTCTGAAATGTATCAGTGGTATCTGTGTGGAACTACAGGTG,Consensus Sequences,linear,
Contig 70,,5 reads from MBH assembled using Geneious,Fri Oct 25 14:10:13 PDT 2024,DNA,GGAGGTCATTACAGATCGCCCCGTTTTTTGNAATGGRTCTATTCCCAAACCGTGTRTACATACCTTTGTTGCTTTGGCRGGCCGCCTTYNNGGCGTCGGCTCCGGCTGACTGCGCCYGCCAGAGGACCCAAAYTCGTTTGTTTAGTGATGTCTGAGTACTATATAATAGTTAAAACTTTCAACAACGGTTCTCTTGGTTCTGGCATCGATGAAGAACGCAGCGAAATGCGATAAGTAATGTGAATTGCAGAATTCAGTGAATCATCGAATCTTTGAACGCACATTGCGCCCCTTGRTATTCCGAGGGGCATGCCTGTTCGAGCGTCATTATAACCACTCAVCCCTTGGCTTGCAKTGGGGNNTCGCGGNTCCGCGGCCTTTAAANNTCAGNGCCGCNGCCNGTYTGTCTCGANGCGNAGNAATTCTCTCGCTATNGGGNCCCGNTSGGTAGCTTGCCANAAACCCCNTACTTTCCTACGATGACTCGGTCAGTAGGTACCGTGAATTAACTAAAAGGGGGGGGAATTTGGGGGTTTTGCTTGGAACCGCGTGACCCTTTTGGCTTGGGCAGAAAGTCCACCGGGCCCCCTTTTGAAACCCTCGACCCCGACCCTGCCCAATGGTGGGCTCCGTGATAACT,Consensus Sequences,linear,
Contig 71,,5 reads from MBH assembled using Geneious,Fri Oct 25 14:10:13 PDT 2024,DNA,ACATTAGAAAATCCGGTGAGGCCACCTGGCACACATCGTATTCATTCACTCTGAGTATTTTTCCTGTTGCTTCCGTGGGGTTTGGCGAGTCATGCGCTCTGTCTTGTTTTCTTGGGTGGATCCCAGGGGACGCCCCGCGGAAGGGAAGCACCGCAACGCCTTAGAATACTAATTGATTTTGGTCTGATCTTGTTTTGAAGAAATATTAAAACTTTCAGCAACGGATCTCTTGGTTCTCGCATCGATGAAGAACGCAGCGAAATGCGAAAAGTAGTGTGAATTGCAGAATTCAGTGAATCATCGAATCTTTGAACGCACATTGCGCCTCGCGGTATTCTGCGAGGCATGCCTGTTCGAGCGTCATGAAAAACCCTTCAAGCCTTTATTGCTTGGTTGTGGTGGATGAGAACCCCCCCCAAGGTATCTCACCTCCCAAACTCAATGGCTGACTACAAAAGCCGAGCTGCATAGAGTGTTGTAGGTGTTCAGCACAGATCCTCCTCAGCGCCCGGTGAAAGTCTTGCCCATCAGTGCCCAGTAGTATACTTCAGTTGACCCTCSGGATCAGGTAGGGATACCCGCTGAACTTAAN,Consensus Sequences,linear,
Contig 72,,5 reads from MBH assembled using Geneious,Fri Oct 25 14:10:13 PDT 2024,DNA,GGTCATTACCGAGTTCATGCCCTTACGGNTAGACCTCCCACCCTATGTTATCATTACCTTTGTTGCTTTGGCGGGCCGCCAGGCTTCGGTCAGGCTATCGGCTTCGGCTGGTAAGCGCCCGCCAGAGGACCCCAACATCCTGATTATTAGTGTCGTCTGAGTACTATRYAATAGTTAAAACTTTCAACAACGGATCTCTTGGTTCTGGNATCGATGAAGAACGCAGCGAAATGCGATAAGTAATGTGAATTGCAGAATTCAGTGAATCATCGAATCTTTGAACGCACATTGCGCCCCTTGGTATTCCGAGGGGCATGCCTGTTCGAGCGTCATTACAACCCTCAAGCATTGCTTGGTGTTAGGCTCCGCTGCTCACCCAGCGGGCCTTAAAATCAGTGGCGGTGCCGTCGGGCCCTGAGCGTAGTAAATCTCCTCGCTACAGGGACCCGGTGGACGCTGGCCATCAACCCCTCACTTTCTAAGTTTGACCTCGGATCAGGTAGGGATACCCGCTGAACTTAA,Consensus Sequences,linear,
Contig 73,,5 reads from MBH assembled using Geneious,Fri Oct 25 14:10:13 PDT 2024,DNA,RGGTCATTATCGAATAANCTTGAGCATGCTGTTGCTGGCCCCTCTCCTGGGTGGGGTATGTGCACGCTTGTCCTTTGTTATTTCTCCAACCTGTGCACATTTTGTAGACCCTGGAGATTTCATGAATTTTTGATTCGAGACGGRACTGCTGCTGCTTCCCTTTGTTGAAGCCGTTTTTTCCTTGCACCTCCAGTTCTATGTTWTTTTTCWCYWCCTSARAARAANACAARRTAATGTTGGAGCCGCCCATAGAAATGATCGTACTGCTTNCGCAATGGCGCCTGGGCTCTCGCATCGGTGAAGCCCGTTCGACCGTCGTAAGCACTGAGGCTCGGCAGTTCATTGAATCATATCATCTTTGAACGCATGTTGCGCTCGTTGGCTGCCGAGAGCATGACTGTTGACTAATATTAACTACGGATCACGTGGGTTTTTGGGAGAGCCTCGAATTGGCGATTTTTGCAGGTTTTTCGGCGAAAAACAGCTCACCTCCCTGAATA,Consensus Sequences,linear,
Contig 74,,5 reads from MBH assembled using Geneious,Fri Oct 25 14:10:14 PDT 2024,DNA,GGTCATTATANATATATGGGATGCTCAATATGAGTTCTCAACAAAACACTTTCATGTGTATCCTTCCATGTTGCTTCCYCAGGCCAGTAGCCATTGCTACCAGCCAGGCCGATCTTCGGTTACTAGGTTGAGGTGCCTGGGGAAGGGTCAGTCATAAAACCTTACATTGACTTATCGTCTGACAAGGCCATGTGCCATTATATTTAAATATTTTAAAACTTTCAACAACGGATCTCTTGGTTCTCGCATCGATGAAGAACGCAGCGAAATGCGATAAGTAATGTGAATTGCAGAATTCAGTGAATCATCGAATCTTTGAACGCATATTGCGCCCTTTGGTATTCCTTAGGGCATGCCTGTTCGAGCGTCACTAACAACCAATCACCTTCTGTGTGGTATTGGCAGATGTGGGTTGAGTACAAAGCTTAGCAGTGATACTCTCCCACACTGTTGGAATGAATAGGCTAGAAAAGTAGATCATAGCAACAGACTTT,Consensus Sequences,linear,
Contig 75,Fri Oct 25 14:10:14 PDT 2024,5 reads from MBH assembled using Geneious,Fri Oct 25 14:10:14 PDT 2024,DNA,TTGCTGGTCCCCGTACGGGGGCATGTGCACGCTTTGTTTACACATCCACTCACACCTGTGCACCCTCCGTAGTTCTATGGCCTGGGTGGGCTCTGCCCTCCTGGCGTGGTTCTATGTCTTTACACACACACTACAATGAAGTCTTATGGAATGTATGTCGCGTTTAACGCAATGAAATACAACTTTCAGCAACGGATCTCTTGGCTCTCGCATCGATGAAGAACGCAGCGAAATGCGATAAGTAATGTGAATTGCAGAATTCAGTGAATCATCGAATCTTTGAACGCACCTTGCGCCCTTTGGCTATTCCGAAGGGCATGCCTGTTTGAGTATCATGAACACCTCAACTCTCATGGCTTGCCATGATGAGCTTGGACTTTGGGGGTTTTGTTGGCCTGTGAGCCAGCTCCTCTTAAATGAATTAGCTTGCCGGTGTTTGGTGGCGTCACGG,Consensus Sequences,linear,
Contig 76,Fri Oct 25 14:10:14 PDT 2024,5 reads from MBH assembled using Geneious,Fri Oct 25 14:10:14 PDT 2024,DNA,CCGGCAAGTGCACGTTGGTGACTTTCATCCAATACCCCTGTGAACTTCTGGCCTCTTGCTAGCTTCGGCTGGCAGAGGATTTTTACACACACTCGAATGTAATGAAACCTATTGTTGTGCGCAAGCACTAATGTACAACTTTCAACAACGGATCTCTTGGCTCTCGCATCGATGAAGAACGCAGCGAAATGCGATAAGTAATGTGAATTGCAGAATTCAGTGAATCATCGAATCTTTGAACGCACCTTGCACCCTTTGGCATTCCGAAGGGTATGCTCGTTTGAGTGTCATTGTACTCTCACGCTCTCCAATCCTCTGGATCGGGGGAGTGGTGGACTTGGGCGTCTGCTGCTTGACTGTGGCTCGCCTTAAATGGATTAGTGCAACTCTTGGTTGGACATAGTACGGCGTGATAAGTGTCTTCGCCGGCACCTCGGAAGAGGG,Consensus Sequences,linear,
Contig 77,Fri Oct 25 14:10:14 PDT 2024,5 reads from MBH assembled using Geneious,Fri Oct 25 14:10:14 PDT 2024,DNA,GACATTATGATTGCGAATGGTTGCCTTCGGTGCTGGCTCTTGCAAGTGCACGTTGGTGGCTTTCATCCAATACCCCTGTGAACCTTTGGCCTCTTGCTAGCTTCGGCTGGCAGAGGATTTTTACACACTCGAATGTAATGAAAACTATTGTCGTGCGCAAGCACTAATGTACAACTTTCAACAACGGATCTCTTGGCTCTCGCATCGATGAAGAACGCAGCGAAATGCGATAAGTAATGTGAATTGCAGAATTCAGTGAATCATCGAATCTTTGAACGCACCTTGCACCCTTTGGTATTCCGAAGGGTATGCTCGTTTGAGTGTCATTGTACTCTCACACTCTCTGCTCTTTTTGGATTCAGGGAGCGGTGGACTTGGGTGTTTGCTGCTTACCTTGCAGCTCACCTCAAATGCGTCAGTGCATCTCTTGNTTGGNACATAGT,Consensus Sequences,linear,
Contig 78,Fri Oct 25 14:10:14 PDT 2024,5 reads from MBH assembled using Geneious,Fri Oct 25 14:10:14 PDT 2024,DNA,GGTCCCTTCCGAGGGGCAACGTGCACGCCCCGTCTCCGTCTTCATACGATTTTATATCTCTCACCCCCTGTGCACCTCTGCGTGGGTTCCGAAGCGTTCGCTCGCTCGGGGCTCGCGTCTTTTTACACCAAAAAAAACCCATTCGTATGTCATCCGAACGTCTAGGTTTCGCCGTCGAGGCGAAACCCTTTGTACAACTTTCAACAACGGATCTCTTGGCTCTCGCATCGATGAAGAACGCAGCGAAATGCGATAAGTAATGTGAATTGCAGAATTCAGTGAATCATCGAATCTTTGAACGCACCTTGCGCCTCTTGGTATTCCGAGGGGCACGCCTGTTTGAGTATCGTGAAATTCTCAACCCGACTCCCTTTTTCGTGAAAGAGGGGGGGAGGCGGGCTTGGACTTTGGAGGTCTTGCCGGTCCCTTCGTTTGGGTCGG,Consensus Sequences,linear,
Contig 79,,5 reads from MBH assembled using Geneious,Fri Oct 25 14:10:14 PDT 2024,DNA,TTGGGGTACGTGCACGCTTGTCATCTTTATCATTTCTCCAACTGTGCACATATTGTAGACCTGGGGATTTTTCGAATTCTATTCGAGTAAAGGGACTGCTGTGCTTTTTTAATAAAGTCGGCTTTCCCTTGTATTTTTCAGGTCTATGTCACAACCACTAGAATGTGTTTAGAATGTCGAATCAGGTCTTTGTACCTATATAAAAGTTAAATACAACTTTCAGCAACGGATCTCTTGGCTCTCGCATCGATGAAGAACGCAGCGAAATGCGATAAGTAATGTGAATTGCAGAATTCAGTGAATCATCGAATCTTTGAACGCATCTTGCGCTCCTTGGTATTCCGAGGRGCATGCCTGTTTGAGAGTCATGAACACCCTCAATTCAACACTTTTTTGAATTGGACTTGGACGCTGTCGTAGTGACTCGTCCTAAA,Consensus Sequences,linear,
Contig 80,,5 reads from MBH assembled using Geneious,Fri Oct 25 14:10:14 PDT 2024,DNA,ACTCTAAACTTACTGTCTGAGAAGGCCATGTGCCGTAATCTTTAAACATTTTAAAACTTTCAACAACGGATCTCTTGGTTCTCGCATCGATGAAGAACGCAGCGAAATGCGATAAGTAATGTGAATTGCAGAATTCAGTGAATCATCGAATCTTTGAACGCACATTGCGCCCTTTGGTATTCCATAGGGCATGCCTGTTCGAGCGTCACTAAAAACCTCATCACAAAGAGTGTGGTATTGGCAGAAGTGGGTAGGGCTAGCAAGGAAGTGCTGGCCCCACTCTGCTGGAATGAATAGGCCGGAAATGTAGACCATGGTAACAGACTTTCACAGTATCGTCAAATGCTAAATTAGTTTGTATGCTTGGTCAGAATCTAGGCCATTGGACCCCCATTCT,Consensus Sequences,linear,
Contig 81,,5 reads from MBH assembled using Geneious,Fri Oct 25 14:10:15 PDT 2024,DNA,NGGTCATTAATGAACGTCGTTGATCATCATCGGGTGGCCCTCGGGCCGTCCGTGCCGGAAATTCACACCCTTTGTGCACCTCGGAGGTGGCGGTTTTTTTCSGNCGGCTCCCTCNTTACRAAAAABGCCTGTCAGTGAAGCATGTCGGAGAGCTATATATATACATACAACTTTCAACAACGGATCTCTTGGCTTTCGCATCGATGAAGAACGCAGCGAAAGTGCGAAACGTAATGTGAATTGCAGAATTCAGTGAATCATCGAATCTTTGAACGCATCTTGCGCTCTTCGGTATTCCGAGGAGCATGCCTGTTTGAGTGTCGTGACAATCCCTCGACCTTCCCCTCGCGCTCGCGTTCGGAGGGTCGGATTTTGGACGTTG,Consensus Sequences,linear,
Contig 82,Fri Oct 25 14:10:15 PDT 2024,5 reads from MBH assembled using Geneious,Fri Oct 25 14:10:15 PDT 2024,DNA,CACTAANGTGTTCCCTTGACCAAAACCCTCTCTGCGTACCAATCTATGTTGCTTTCCTAGGTGGTTGGTCTCAGCTGCCGTCCAACATTGCCTGCTAGCTCAGTCAACTCGAGTTGTTAACTTGGAGTTTGATCTTTTTTACTGATGGGTTAAGCTTTAATAGGTCAGTGAGCTTAATTTATATCTATCAGGATTAGCTATGCAGGCCCCTGGGAAAGGGTCAATCCCAAGTGAATATGTTAATCAGCTGTCTGAGTTGGCCTTGTGCCTTATTCTTTGAACAAGTTAAACTTTCAACAACGGATCTCTTGGCTCTCGCATCGATGAAGAACGCAGCGAAATGCGATAAGTAATGTGAATTGCAGAATTCAGTGAAT,Consensus Sequences,linear,
Contig 83,,5 reads from MBH assembled using Geneious,Fri Oct 25 14:10:15 PDT 2024,DNA,CATTATTGAATGAACTTGGTGTGGTTGTTGCTGGCTCTTTCGAGGGCATGTGCACGCCCACCATCCTCATCTCTCCACCTGTGCACCTCTTGTAGACTTGGATTGACTTTCCGAGGCAACTCGGTCGGGAGGATTGCCGGCGCCAGCTGGCTTTCTTTGCATTTCCAGGTCTACGTTTTTCATATACCCCATTGTATGTAACAGAATGTAAYATTGGGCACTTGTGCCTATAAACYTTATACAACTTTCAGCAACGGATCTCTTGGCTCTCGCATCGATGAAGAACGCAGCGAAATGCGATAAGTAATGTGAATTGCAGAATTCAGTGAATCATCGAATCTTTGAACGCACCTTGCGCTNCCTTGGT,Consensus Sequences,linear,
Contig 84,,4 reads from MBH assembled using Geneious,Fri Oct 25 14:10:15 PDT 2024,DNA,TCATTACTGAACTGTTGACACGAGTTGTTGCTGGTCCTCAAACGGGGGCATGTGCACACTCTGTCCACACATCCACTCACACCTGTGCACCTTCTGTAGTTCTATGGGCTGGGGGACCCCGTCCTCCTTCTGTAGCTCTACGTCTTTACACACACACTGCGATAAAGTCTTATGGAATGTATATCGCGTTTAACGCAATACAATACAACTTTCAGCAACGGATCTCTTGGCTCTCGCATCGATGAAGAACGCAGCGAAATGCGATAAGTAATGTGAATTGCAGAATTCAGTGAATCATCGAATCTTTGAACGCACCTTGCGCCCCTTGGTTATTCCGAAGGGCATGCCTGTTTGAGTATCATGAACACCTCAACTCTTGTGGTTTCCCACAATGAGCTTGGGACTGTGGAGGTTTTTGTTGGNCCCTCTGGNTCAGCTCCTCTCAAATGGGATCAGCTTACCAGTGTTTGGGTGGGCATCACGGGGTGTGATAAACTATCTACGCTTGTTGGTTTGTCTCTGAATAAACCNTCCCAGTGATGAAAGGTTTCGCTGGGAGCTTATAAAWTGYCCNTCCCCAGTGAAAGAAAGCTTTGAACGTCGCGATCTCAAATCAGTAGGACTACCC,Consensus Sequences,linear,
Contig 85,Fri Oct 25 14:10:15 PDT 2024,4 reads from MBH assembled using Geneious,Fri Oct 25 14:10:15 PDT 2024,DNA,TGCTGGTCCTCAAACGGGGGCATGTGCACACTCTGTYYACACATCCACTCACACCTGTGCATCCTCTGTAGTTCCATGGTGTGGGGGACACCATCCTCCCACTGTGGTTCTATGTCTTTACACACACACTGTTATAAAGTCTCATGGCATGGATATAGCGTTTAACGCAATACAATACAACTTTCAGCAACGGATCTCTTGGCTCTCGCATCGATGAAGAACGCAGCGAAATGCGATAAGTAATGTGAATTGCAGAATTCAGTGAATCATCGAATCTTTGAACGCACCTTGCGCCCCTTGGTTATTCCGAAGGGCATGCCTGTTTGAGTATCATGAACACCTCAACTCTTGTGGTTTCCCACAATGAGCTTGGGACTGTGGAGGTTTTTGTTGGGCCCTCTGGGTCAGCTCCTCTCAAAATGGGATCAGCTTACCAGTGTTTGGGTGGGCATCACGGGGTGTGATAACTATCTACGCTTCGNTGGTTTGTCTCTGAATAAACCCTCCCAGTGATGAAAGGTTTCGCTGGGAGCTTATAAAATTGTGTCCNCCTCCCCCAAGTGGAAAGAACAAGCCCTTTTGAAACGTTTCGATCTCAAAATCAGGTTAGGGACTACCCCGCTGAACTTA,Consensus Sequences,linear,
Contig 86,,4 reads from MBH assembled using Geneious,Fri Oct 25 14:10:15 PDT 2024,DNA,NCGGAAGGACATTATTGAAATAAAACTCGGGCAGGGGGAGGTGGTTGTAGCTGGCCCCTAGGGGCATGTGCACACTGTCTCTCTCTTGCTTGTTTTTTTCATTCTTTCCACTTGTGCACTGCTTGTAGGCAGCCTGGCACTGTTCAGGTTGTCTATGATTTTCTTTACATACATGAACCATTGTTGTACAGAATGTGATAAAAAAGAGTAATACAACTTTCAACAACGGATCTCTTGGCTCTCGCATCGATGAAGAACGCAGCGAAATGCGATAAGTAATGTGAATTGCAGAATTCAGTGAATCATCGAATCTTTGAACGCATCTTGCGCTCCTTGGTATTCCGAGGAGCATGCCTGTTTGAGTGTCATTAAATTCTCTCAAAACATACACTTGAGTGTGTTTTGGATTGKGGGNAGTGKCTGCTGGSYTTGTTTATACATGAGCCAGCTCTCCTGAAARAMAWTWRNCTTTGGGGGGGGATGKGCCAAGTCACTTTCTGSCTTTNCCATTGGGKGKGAWWAAKGAWKAANNNAACTTTATTYTACGGCCAGGAAAAGCAGGTTTGCAGGGTGAAAAGCACTTGTGGATTC,Consensus Sequences,linear,
Contig 87,,4 reads from MBH assembled using Geneious,Fri Oct 25 14:10:15 PDT 2024,DNA,GGAGGTCATTATYGAATAAACTTGAGCATGCTGTTGCTGGCCCCNNTCTCNTGGGTGGGGTATGTGCACGCTTGTCCTTTGTYATTTCTCCAACYTGTGCACMTTTTGTAGACCCTGGAGMTTTNATGRATTTTYWKWMAATTCGAGTTGGGACTGCTGTGCTTTGAAGTCAGCTTTGCCTTGCATCTCCAGGCCTATGTCATTTTTCACAACCTCTTGAAACATGTTTAGAATGTAACCTATAAAAATTGAAATATACAACTTTCAGCAACGGATCTCTTGGCTCTCGCATCGATGAAGAACGCAGCGAAATGCGATAAGTAATGTGAATTGCAGAATTCAGTGAATCATCGAATCTTTGAACGCATCTTGCGCTCCTTGGTATTCTGAGGAGCATGCCTGTTTGAGTGTCANTTTANACTTCTCAAYCACATCAKNATANTNTNGATGTTGCTTGGAATTGGNGGTTGTTTTGCAGGCCATTCTGTAAAAAAAAAGGTCGGCTCCCCTGAAATGATTAGTGTATCTGAGCTACTACTATAGGTGTGGTAA,Consensus Sequences,linear,
Contig 88,,4 reads from MBH assembled using Geneious,Fri Oct 25 14:10:16 PDT 2024,DNA,NGGTCATTATCGTATATAAACTTGAACAGGCTGTTGCTGGCTCTCCCTCTGGAGTGTGTGTGCACGCTTGTCTCATCTTTATTATTTCTCCAACTGTGCACATTTTGTAGATCCTGGAAAGGCCCTTTATGAATGTBCTCATTCGAGTAGGGACTGCTGTCGCTTTTCTTTGAAAGGCCGGCTTTGCCTTTTTGCCTTCCAGGTCTATGTCATTTTCCACAACCTCTCAAACGAGTTTAGAATGTCTTATTAAGTGAAATATACAACTTTCAGCAACGGATCTCTTGGCTCTCGCATCGATGAAGAACGCAGCGAAATGCGATAAGTAATGTGAATTGCAGAATTCAGTGAATCATCGAATCTTTGAACGCATCTTGCGCTCCTTGGTATTCCGAGGAGCATGCCTGTTTGAGTGTCATTTGACTTATCAACCGCTTCATGGTAAAACATGRACGTGGCTTTGGATKKGGGGGGTCTTTGCAGGNCTTTTTKMATCTAAAGGNTCNGGCTCCCCNTGNAAACGCATTNAGTGGGCATCTGAGCTGCTACTA,Consensus Sequences,linear,
Contig 89,,4 reads from MBH assembled using Geneious,Fri Oct 25 14:10:16 PDT 2024,DNA,TTACCGAACCGTCGACACGAGCCGTTGCTGGCCCTCGAAAGGGGACATGTGCACGCTCTGTCTACACATCCACTCACACCTGTGCACCCTCTGTAGTTCCATGGCCTCGGGGACCCCGTCCCCTTGCTGCGGTCCTACGCATTTACACACACACATTGACAAAGTCTCATGGAATGCAGTCGCGTTTAACGCAATACAATACAACTTTCAGCAACGGATCTCTTGGCTCTCGCATCGATGAAGAACGCAGCGAAATGCGATAAGTAATGTGAATTGCAGAATTCAGTGAATCATCGAATCTTTGAACGCACCTTGCGCCCTTTGGCTATTCTGAAGGGCATGCCTGTTTGAGTATCATGAACACCTCAACTCTCGTGGTCCGCCACGATGAGCTTGGACTTTGGGGGCCTTGCCGGCCTAGCGTCGGCTCCTCTCAAACGGATCAGCTTGCCAGTGTTTGGTGGCG,Consensus Sequences,linear,
Contig 90,,4 reads from MBH assembled using Geneious,Fri Oct 25 14:10:16 PDT 2024,DNA,AGCCCGACTCAMAACTGAGCCCCCGCGACTGGGAGGGGCCATTGACCTAGGGGCAAGAGGAGGTAAGAGCTCGCTCTGACGTGCGAAGCGAATGCCCAGCGTTACGACAGCCACTCTATCTGAGCCCGTCTCTCTACCGGCGGGTTTAAACGCTCGTTCCGAAAAACCCACTCTCTGCGTACACATTCCCTGTTGCTTCCCCGGGGAGGCCCCCGGGGGAGGTCCCCGAGCAAACCACGCCGTCCAACCCACCAGCTGCCCCTCCGTCTGACGGCCAGCGCGCCAAGGAAGTGAGAACGAGCGAGGAAACGAAACAAAAAACTTTCAACAACGGATCTCTTGGTTCCCGCATCGATGAAGAACGCAGCGAAATGCGATAAGTAATGTGAATTGCAGAATTCAGTGAATCATCGAATCTTTGAACGCACATTGCGCCCCCTGGCATTCCGG,Consensus Sequences,linear,
Contig 91,Fri Oct 25 14:10:16 PDT 2024,4 reads from MBH assembled using Geneious,Fri Oct 25 14:10:16 PDT 2024,DNA,GTCATCTTTATCTCTCCACCTGTGCACATTTTGTAGTCTTGGATACCTGGATCGCTGTGCTGTACAAGTCGGCTTTCTTTTCATTTCCAAGACTATGTTTTTATATACACCAAAGTATGTTTAAAGAATGTCATCAATAGGAAATTGTTTCCTATAAAATTATACAACTTTCAGCAACGGATCTCTTGGCTCTCGCATCGATGAAGAACGCAGCGAAATGCGATAAGTAATGTGAATTGCAGAATTCAGTGAATCATCGAATCTTTGAACGCACCTTGCGCTCCTTGGTATTCCGAGGAGCATGCCTGTTTGAGTGTCATTAAATTCTCAACCTTCCAGCTTTTTATTAGCTTGGTTAGGCTTGGATGTGGGGGTTGCGGGCTTCATTAATGAGGTCGGCTCTCCTTAAATGCAT,Consensus Sequences,linear,
Contig 92,Fri Oct 25 14:10:16 PDT 2024,4 reads from MBH assembled using Geneious,Fri Oct 25 14:10:16 PDT 2024,DNA,CGGAGGTCATTATTGAATAAACATTTGATAGGCTGGTGCTGSCCCTTGRTAGTGTGCACGCTTGTNRTTTATTTGTTTGTTTTTCCACCTGTGCACCTTTTTGTAGACCTTGGAATTTGGGGACTGCTGTGCCGAGTGCCAGCTTTTCCTTGTCTCTCTCTAGGTTCTATGTTTTTCACATACTCCTACGAATGTAATAGAATGTTGATCTGGTAATAAAGTTATATACAACTTTCAGCAATGSATCTCTTGGCTCTCGCATCGATGWAKAACGCAGCGWAAYGCGAYRAGTAATGYGRATTGCARWATTCAGTGAATCATCGAATCTTTGAACGCATCTTGCGCTCCTTGGTATTCTGAGGAGCATGCCTGTTTGAGTGTCATTAGATTCTC,Consensus Sequences,linear,
Contig 93,Fri Oct 25 14:10:16 PDT 2024,4 reads from MBH assembled using Geneious,Fri Oct 25 14:10:16 PDT 2024,DNA,,Consensus Sequences,linear,
Contig 94,,3 reads from MBH assembled using Geneious,Fri Oct 25 14:10:16 PDT 2024,DNA,GNCTTTACGAATTGCAATGGGGGGGTTGATGCTGGAAGCTGTTTCTTTCGCTGCATGTGCTCGTCCCCCCAACAATCTTCATCCAAACGCCACCTGTGCACATTTCGGAGGGTCTCCGAGTTTGATTTCCTGTTGTTGGCCACACCAGGTTCTCTTCGGGGGGTTCCCTTCCTCTCCTCATATACACTGCTTCAATAATATTGAACGTGATTGTGCCGCAAGGCCTTTGTCGCAATACAACTTTTAACAACGGATCTCTTGGCTCTCGCATCGATGAAGAACGCAGCGAAATGCGATAAGTAATGTGAATTGCAGAATTCAGTGAATCATCGAATCTTTGAACGCACCTTGCGCTCCCTGGTATTCCGGGGAGCACGCCTGTTCGAGTGTCGTGAAATTCTCAAGCTTGGATGCTTTTTCATCTTTAGCTTGGTAATTGGGCTCTGCTGTTCCTTTCATTGGAACCAGCTGGCCTTAAAATCATTAGCTGATCCTCATGTTGTGGCGTTGGTTCTACTCAGCGTGATAACGAATCTGACCGCTGGGGGACATCTTTCAGGATGGCCAATTCTCATCTTGGGTTGCTTCTAATTTGGCTTTTANCGCATATTCTGTTTKGACCTCGAATCAGGCNGGNC,Consensus Sequences,linear,
Contig 95,Fri Oct 25 14:10:16 PDT 2024,3 reads from MBH assembled using Geneious,Fri Oct 25 14:10:16 PDT 2024,DNA,GGTCATTATCGAATTTCGAGGGGGGAAGATGGAGGGGGGAGACTGGCGCTGGCTTCCACTGGGAAGCATGGGCACGTCTTCCTTTTCGTCGACCTTTCTCTTACTCTCACACCTGGGCACCCATTGGAGGTCCTCGAAAGAGGATCTATGTCTTTATCATCACACCCATTGTATGTCTAAAATGGATCACGATCGTCGACCGACTTTGCGGTCGGGCGGCGGTCAAATAAATAAATACAACTTTCAGCAACGGATCTCTTGGCTCTCGCATCGATGAARAACGCASCGAATTGCGATAAGTAATGGGAATTGCAGATTTTCAGTGAATCATCGAATCTTTGAACGCACCTTGCGCTCCTTGGKATTYYGAGRAGCRTGYSYGKKTGARTGKCATTGWATTCTCAACCATGTSTTGATTGAKTTCGAGGCATGKCTTGGACTTTGKGGTTGCTGGSGGSGAAAGCTGKCGGCTCTCCTGRRATGCATTAKCAATGGACAGCAAGTCTGAKGTGCACSSSCTTGACGTGAKAAWGRTCGKCGTCNGCTGGGNGCATTKGWSSRARCATGAAWRGAKWCTGKKTTGCNCTCCCNATCNCCTTGAN,Consensus Sequences,linear,
Contig 96,Fri Oct 25 14:10:16 PDT 2024,3 reads from MBH assembled using Geneious,Fri Oct 25 14:10:16 PDT 2024,DNA,TCATTATCGTACAATGGGGGTACGACGGCTGTCGCTGACTTTTTATGGTCGTGCACGCCCGAGTGCTCTCACATACAAAWAATCCATCYCCCCCCTTGGGGCTTCMCGGSGKGGTCCCCCCTTCCCSGGRGGGGGGGGCYCAGGTTTTNAACATCGAAAACCCATTCGAACGAATGGAAAAAGGTTTTTTTGCGCGATGACGCGMGANCAATAYRACTTTCAACAACGGATCTCTTGGCTCTCGCATCGATGAAGAACGCAGCGAAATGCGATACGTAATGTGAATTGCAGAATTCAGTGAATCATCGAATCTTTGAACGCACCTTGCGCCCCTTGGCATTCCGAGGGGCACACCCGTTTGAGTGTCGGGAAATCTTCAAAACCCTTTTTTCTTTGAACCATGGGGGGGCGGAAAAAGGTTTTTTGGACTTGGAGGTTTAATGCTTGCCCTTTTCTTTTTGAAGACGCGACCTCCCTTCTCAAATGAATTAGGGGGGGGCCCGCTTTTGCNGATCCTTGGAGGGGGAAAAAAATGGTTTCTACGTTTTGGGGTTTAGCACTGG,Consensus Sequences,linear,
Contig 97,Fri Oct 25 14:10:17 PDT 2024,3 reads from MBH assembled using Geneious,Fri Oct 25 14:10:17 PDT 2024,DNA,AACTTGAACAGGCTGTTGCTGGCTTCTTGCATGTGCACGCTTGTCATTTTTTTCATTTCTCCTCTGTGCACCAACTGTAGGTCTGGATCAAGGTGCTCTCTGCCTTGCAATCTCCAGRTSTATKTTTTTCTYYMCMAMMWMWAAAWRWRWWTGAAATGTCAAATTGTGAATATATATGTATATATACAACTTTCAGCAACGGATCTCTTGGCTCTCGCATCGATGAAGAACGCAGCGAAATGCGATAAGTAATGTGAATTGCAGAAYTCAGTGAATCATCGAATCTNTTGAACNGCWTCTTGCGCTCCTTKGTNATTCCNGAGGAGCATGCCTGTTTGAGTGTCATTTTGACTTTATCAACCGCTTCACGTTAAACATGGACGTGCCCCTGAATGTGGGGGGCTTTGCAGGCTTTTTAGAATTCTAAAAGTCCGNTCCACCTGAAAACGCATAAGGGGCAATCTCGGATCTAGCGTACTCTATATGTTGAGAACAAAATNATTTGTTGCCCTTTTGTTAGTACCTGCATGAAACAGAATGTTGTCATCGCTCACACCATG,Consensus Sequences,linear,
Contig 98,Fri Oct 25 14:10:17 PDT 2024,3 reads from MBH assembled using Geneious,Fri Oct 25 14:10:17 PDT 2024,DNA,GAAGGACAGCTTCGAGTAGTTGAGCAGNCGTCGGGGGCCACGTACCCAATCCGGCCCCGCGGCGCCAAGCGGCCACGTCCAAACCGAACACCCCCCTGCGTACTCATCCACGTTGCTTCCCCGGGGGCAGCCCCCGGGGGAGGTCCGAGCGCAAACCACGCCGCCCAACCCACCCGCGGGCCCCTCCGTCTGAAGGCCACCGCGCCAAGGAAGAAGTAACGAGCGAGGAAATGAAAAACTTTCAACAACGGATCTCTTGGTTCCCGCATCGATGAAGAACGCAGCGAAATGCGATAAGTAATGTGAATTGCAGAATTCAGTGAATCATCGAATCTTTGAACGCACATTGCGCCCCCTGGCATTCCGGGGGGCATGCCTGTTCGAGCGTCTCCGGGACGAATCCTCGCGCTAGTGAACGCGCGGTCATGGCTGCGGTGTCGTGCCCGAAGCGGCGGCCACCGCGCCGGAATCCATGGNCGGACGCCCGCCGCNCGGCCGAGCGTGATATGACGCATTG,Consensus Sequences,linear,
Contig 99,,3 reads from MBH assembled using Geneious,Fri Oct 25 14:10:17 PDT 2024,DNA,CATTACAGAGAACATCGCTCTCRYGGGTGACTCTCCAACCCTATGTTATTAAACCTTTTGTTGCTTTGGCGAGCCGCTTCGGCCACCGGCTCTTGCTGGTGCGCGCTCGCCAAAGAACCACAAACTCTGTTTATTAGTGTCGTCTGAGTACTAATATAATAGTTAAAACTTTCAACAACGGATCTCTTGGTTCTGGCATCGATGAAGAACGCAGCGAAATGCGATAAGTAATGTGAATTGCAGAATTCAGTGAATCATCGAATCTTTGAACGCACATTGCGCCCCGTGGTATTCCGCGGGCATGCCTGTTCGAGCGTCAGTACAACACTCAAGCTCTGCTTGNTATTGGACCGCATCAGTTCTGATCGGTCTTAAAATYAGTGGCGGTGCCATCGTGCTCTAAGCGTAGTAATACTCCTCGCTACAGGGTCTCGGTGCGTGCTTGCCAGCAACCCCCAACTTTCTAAGTTTGACCTCGGATCAGGTAGGGATACCCGCTGAACTTAAGCATAT,Consensus Sequences,linear,
Contig 100,Fri Oct 25 14:10:17 PDT 2024,3 reads from MBH assembled using Geneious,Fri Oct 25 14:10:17 PDT 2024,DNA,AYSKAGRWSCGAGGNGCKRKSGCTGWCNCTKWYCTTTTYGGTCGTGCACGCCYGRGYGCTCTCACACAATCCATCTCACCCCTTGKGCACCACCGCGTGGGTCCCTCTCTGGCTAATCCCGAGGGGGGCTTGCGTTTTCACACAAACTTGAAGTARTGKAGAATGKNCTTTTTTTGCGATAACAYGCAATCAATACAACTTTCAACAACGGATCTCTTGTCTCTCGCATCGATGAAGAACGCAGCGAAATGCGATACGTAATGTGAATTGCAGAATTCAGGGAATCATCGAATCTTTGAACGCACCTTGCGCCCCTTGNCATTCCGACGGGCACACCCGTTTGATTGTCGTGAAATTCTCAAAACCCTTTCTTTTGTTCATTTTTGACCGCGGAAAGGATTTTGGACTTGGAGGCCTTTTGCTGGCTTCGCCTTGAAGCCAGCTCCTCCCAAATTTATTAGTGGAGTCTGCATTGTCGGTCCTTGGCGTGATAAGTTGCTTCTACGTCTCG,Consensus Sequences,linear,
Contig 101,Fri Oct 25 14:10:17 PDT 2024,3 reads from MBH assembled using Geneious,Fri Oct 25 14:10:17 PDT 2024,DNA,NTTAATGAAATGAATGTCGAGAAGGGTTGTAGCTGGCCCTCCGGGGCATGTGCACACCTTGATCGCACATCACACCTCTCTCACACACCTGTGCACTATGTGTAGCTTAGGGATGATTACAATGTTGGAAACAATATTGAAAGCTCTAGCTATGATTTTTTATACACTCATATACAAAAGTTAAAGAATGGATAATGTTATAGCGTGTAATAGCGCAAATATATATACAACTTTCAGCAACGGATCTCTTGGCTCTCGCATCGATGAAGAACGCAGCGAAATGCGATAAGTAATGTGAATTGCAGAATTCAGTGAATCATCGAATCTTTGAACGCACCTTGCGCTCCTTGGTATTCCGAGGAGCATGCCTGTTTGAGTGTCATGAAATTCTCAACTACCTTTTTAACATTTTATGTNTTAAGGGTGAAGTTGGAGTTGGAGGATAATTGCTGGCGCAACTCTCTCTAAGGTTGCTTGGTTGGCTCCT,Consensus Sequences,linear,
Contig 102,,3 reads from MBH assembled using Geneious,Fri Oct 25 14:10:17 PDT 2024,DNA,TCATTATTGAATAAACTTGAACAGGCTGTTGCTGGCCCTCCCTTGGAGGGTNACGTGCACGCTTGTCCTCTTTATTTCTCCAACTGTGCACATATTTGTAGACCTGATGATTTATTTGATTTATTTTCGAGTTGGGGACTGCTGTGCTTTCTCAAAGTCAGCTTTCCCTTGTATTTTTCAGGTCTATGTCATTTATCACAAACCTCTGAGTCTGTTTAGAATGKTGAATCAGGTCATTTTGTACCTATAAAGTTAAATATACAACTTTCAGCAACGGATCTCTTGGCTCTCGCATCGATGAAGAACGCAGCGAAATGCGATAAGTAATGTGAATTGCAGAATTCAGTGAATCATCGAATCTTTGAACGCATCTTGCGCTCCTTGNTATTCCGAGGAGCATGCCTGTTTGAGTGTCATCTAAATTCTCAAACCACATTGATTCTTTCCGTGTGGCTTGGAAGTGNNGGTAGTGTTTTTGCA,Consensus Sequences,linear,
Contig 103,Fri Oct 25 14:10:17 PDT 2024,3 reads from MBH assembled using Geneious,Fri Oct 25 14:10:17 PDT 2024,DNA,TCGAATGAAATGGGCTNTTGCTGGCTTCTTGCATGTGCACGCCTTGTCATTATTTCTCCTCTGTGCACCGACTGTAGGTCTGGAGTTTTTCAGGTCTATGTTTTTACAATCACTCTATGTGTGTTTGGAATGTGAATAATAATAAAATATATATACAACTTTCAGCAACGGATCTCTTGGCTCTCGCATCGATGAAGAACGCAGCGAAATGCGATAAGTAATGTGAATTGCAGAATTCAGTGAATCATCGAATCTTTGAACGCATCTTGCGCTCCTTGGTATTCTGAGGAGCATGCCTGTTTGAGTGTCATCNAAGTTCTCAACCCATGGAATTCATGGATTGGATGGTTGGCATTTGCAGGCATTTGAAAAAGAAAGTCTGCTTTCCTGAAATAAATTANTGGCCTGGCCCCGCGACCACTACAGGTTTGTTTTTATGGCTTCTTGAAAAAAGCCC,Consensus Sequences,linear,
Contig 104,Fri Oct 25 14:10:17 PDT 2024,3 reads from MBH assembled using Geneious,Fri Oct 25 14:10:17 PDT 2024,DNA,TGTTTCAAAAATTTCTCACCTGTGAACCTAATGTAGGATGCCTCTCCTCCGGGAGAGGGGACCTATGTCTTCATATACATCTTCGTGTAGAAAGTCTTAGAATGTTTACTATCAGAGAGTCGCGACTTCTAAGAGACGCGAAGCTTCTGAGATAAAAGATATTACAACTTTCAGCAATGGATCTCTTGGCTCTCGCATCGATGAAGAACGCAGCGAAAAGCGATAGGTAATGGGANTTGCAGATCTACAGGGGATCATSCAATYTTGNAACGCAYCTTGCGCTCCTCGYKGNNCCGGGGAGNATGCNTGTTGATGNCGGNAATTCYCNCCCCTCNTGNTTTTTTTGAGGAGTTGGTAGCGANGTGCGNAGATANTAANATCGGSCCCCYKRMMSSYNTGCTCCAWANATTTTNCTTGCCCNCCGGTTTGGNGTGTATGTCGCKWNGTTAC,Consensus Sequences,linear,
Contig 105,Fri Oct 25 14:10:17 PDT 2024,3 reads from MBH assembled using Geneious,Fri Oct 25 14:10:17 PDT 2024,DNA,ATTAATCNGAACGAACATGTTTACTCAGCATGAATTTCAAAACCCATCTGTGTACCATACCTGTTGCTTCCGTGCTGCGTATGCGGCAACGCGTGCCACCAAGGTCTACTCCCCGAGTGGAGGGGCCCTGGTGTGTCGGCACGGAAGGTTTTTACAGCAAACTCTTGCATTTCCATGTCTTCTGTCTGAACTGTCATATATAATAAGTTAAAACTTTCAACAACGGATCTCTTGGTTCTCGCATCGATGAAGAACGCAGCGAAATGCGATAAGTAGTGTGAATTGCAGAATTCCGTGAATCATCGAATCTTTGAACGCACATTGCGCCTCCTNGTATTCCGGGAGGCATGCCTGTTCGAGCGTCATTAGATCATATCAAGCGATTCGCATGGTATG,Consensus Sequences,linear,
Contig 106,Fri Oct 25 14:10:17 PDT 2024,2 reads from MBH assembled using Geneious,Fri Oct 25 14:10:17 PDT 2024,DNA,TCAATAAGCGGAGGANCTTGGTCATTTAGAGGAAGTAAGCGGAGGAGCATATCAATAAGCGGAGGATCTTGGTCATTTAGAGGAAGTAAGCGGAGGAGCATATCAATAAGCGGAGGATCTTGGTCATTTAGAGGAAGTAAGCGGAGGAGCATATCAATAAGCGGAGGATCTTGGTCATTTAGAGGAAGTAAGCGGAGGAGCATATCAATAAGCGGAGGRTCTTGKTCATTTAGAGGAAGTAAGCGGAGRAGCATATCAATAAGCGGAGGGTCTTGTTCATTTAGAGAAAGGAAGCGGAGATTCATATCAGGAAGCGCCTGGTCTTGTTCATTTAGAGGAAGGAAGCGCAAAATCATAACACGAAGCGCTTGGTCATGTACATTTAGGGAAAGGAAGCGCCAAAACATAAGAGGATGGGTCTGGTCTTGTACAGGTAGGAAAGGGAATCGCAAAATCATAACGCGATGCGCCTGGTCATGTAAAGGAAGGGAAGGGAAGAGCCAAATCATAAGGAGAAGCGCTTGGTCTTGTAGATGAAGGTAAGGGAAAACCCAAAACATAAGAGTACGTGCCTTGTCCTGNTAATGAAGGGAACCTCATATCTTTAACCAGAAGCGGTTGGGCTGTGTGANGTAAGGGCCCCCGGGAGCCCCCCACCTGAACCTATCGGGTAATTTGCCCCTTGCACCTCCCCGTGAAGGGTTATGTTTATC,Consensus Sequences,linear,
Contig 107,Fri Oct 25 14:10:18 PDT 2024,2 reads from MBH assembled using Geneious,Fri Oct 25 14:10:18 PDT 2024,DNA,TTATCGAATTTCGGGGGCGAGGTGGACTGTCGCTGGCTTCCGCTCGGAAGCATGTGCACGTCGACCTTTCTCTTGCTTCTCACACCTGTGCACACATTGTAGGTCCTCGAAAGAGGATCTATGTTTTCAATCATCACACACATACGTATGTCCAGAATGTATCACGGTCGTCGTCCGTCCTYGCGGTCGGATGGCGCTCGAAAAAACAAATACAACTTTCAGCAACGGATCTCTTGGCTCTCGCATCGATGAAGAACGCAGCGAATTGCGATAAGTAATGTGAATTGCAGATTTTCAGTGAATCATCGAATCTTTGAACGCACCTTGCGCTCCTTGGTATTCCGAGGAGCATGCCTGTTTGAGTGTCATGGAATTCTCAACCATGTCTCGATTCGTTTCGGGGCATGGCTTGGATGTGGGGGTTGCTGGCGGCGAACGCTGTCGGCTCTCCTGAAATGCATTAGCGATGGACAGCAAGTCTGACGTGCACGGCCTCGACGTGATAATGATCGTCGTCGCTGGAGCGTCGGACGAGCGCAAACATGTCCCTTTGCTTCCAATCCTTTTGACTTGGGGACTCGGACTTCCGGAGCGAAGCTTTAGCTACTAGTCGGTCGCGANGCCGACGAACGCGAGGCNG,Consensus Sequences,linear,
Contig 108,Fri Oct 25 14:10:18 PDT 2024,2 reads from MBH assembled using Geneious,Fri Oct 25 14:10:18 PDT 2024,DNA,GNTCATTACTGAGTTGTCGACACGAGCTGTTGCTGGTCCTCAAAACAAGGGGGCATGTGCACGCTCTGTTCACACATCCACTCACACCTGTGCACCCCTGTAGTTCTATGGTTTGGAGGACTCGCCGCCTCCTTCCTGTAGTTCTATGTCTTTACACATACACCGTAGTGAAGTCTTATGGAATGTGCGCCGCGTTTAACGCAATAAAATACAACTTTCAGCAACGGATCTCTTGGCTCTCGCATCGATGAAGAACGCAGCGAAATGCGATAAGTAATGTGAATTGCAGAATTCAGTGAATCATCGAATCTTTGAACGCACCTTTGCGCCTCTWGGCTATTCCGANGGGGCATGCCTGTTTGAGTATCATGAACACCTCAACTCTCACGGTTCACCCGTGATGAGCTTGGACTTCTGGAGGTTTTTTGCTGGCCTGTGGCCAGCTCCTCTCAAATGCATCAGCTTACCAGTGTTTGGTGGCGTCATGGGTGTGATAACTATCTACGCTTGTGGCGTCCGCCAGGTAACCTTCAGCGATGGGGGTTTGCTGGGGNCTTACAAACGTCTCTCCTCAGCGAAGACAGCTTTTTGAACGTTCGATCTCAAATCAGGTAG,Consensus Sequences,linear,
Contig 109,Fri Oct 25 14:10:18 PDT 2024,2 reads from MBH assembled using Geneious,Fri Oct 25 14:10:18 PDT 2024,DNA,ACATTATCGAATTCTGAGGGGGGAAGAGGCNCGAGTGGGAGACTGTNGCTGGCCCTCGGGCATGTGCACGTCTCNCTYKTCGTCGACCTTTCTCTYAYWCWCACACCTGTGCACMYWTTGTAGGYCCTCGAAAGAGGATCTATGTTTTYMWCATCACACMCAYYGTATGTCTNNAGAATGTATTMMGAWCGTCGACCKGYCNTNCGGYMGGSYGGCGGTCRNATAAATMANTACAACTTTCAGCAACGGATCTCTTGGCTCTCGCATCGATGAAGAACGCAGCGAATTGCGATAAGTAATGTGAATTGCAGATTTTCAGTGAATCATCGAATCTTTGAACGCACCTTGCGCTCCTTGGTATTCCGAGGAGCATGCCTGTTTGAGTGTCATCGAATCATCAACCATGTCTTGATCGATTTCAAGGCATGGCTTGGAGTTGGGGGGTTTGCTGGGCAGCGAAACGCTATCAGCTCTCCTGAAATGCATTAGCAAAGGGCGGGCAAGGTCTGTCGTGCACGGCCTTCGACGTGATAATGATCGTCGTGGCTGGAGCTTCGGGACATGCATGAATCGACCTTGCTTACGAACAATTTACCCTAGGCTTCGAGCTGCT,Consensus Sequences,linear,
Contig 110,Fri Oct 25 14:10:18 PDT 2024,2 reads from MBH assembled using Geneious,Fri Oct 25 14:10:18 PDT 2024,DNA,GGTCATTATTGAATNAACTTGAACAGGTTGTTGCTGGCCCTTTGGAGGGGTATGTGCACGCTTGTCATCTTTATCATTTTCTCCAACTGTGCACATAATTGTAGACCTTGGGGGCATTTGAATCTAGATTCAAGTTGAGGGACTGCTGTGCTTTTCTAATCCAAAAGTCGGCTTTCCCTTGTATTTTCCAGGTCTATGTCATTTTTCACAACCTCTAGAATGTGTTTTAGAATGTCTATATATAAAGTTATAATACAACTTTCAGCAACGGATCTCTTGGCTCTCGCATCGATGAAGAACGCAGCGAAATGCGATAAGTAATGTGAATTGCAGAATTCAGTGAATCATCGAATCTTTGAACGCATCTTGCGCTCCTTGGGTATTCCGAGGAGCATGCCTGTTTGAGTGTCATTTGAACTTCTCTCAACCACGTCGTCTTTTCGAATGTGGGCTTGGATGTGGGGGGATTCCTTTTTTGCAGGCTTTCTTTGCCTGCTCCCCCTGAAATGCATTAGTGGTTATCTGAGCTGCTATTGGTGGTGATAAATTTATCTATGCCTTGGTATTGCTGGTCAGCACTGCTTANTAACGACACTGGNCAATTTGG,Consensus Sequences,linear,
Contig 111,Fri Oct 25 14:10:18 PDT 2024,2 reads from MBH assembled using Geneious,Fri Oct 25 14:10:18 PDT 2024,DNA,GGNTCATTATCGAATTATAAGCAAAGGTTGTTGCTGGCCCCTCGGGGCATGTGCACGCCCTAGCTCTTAATCCACTTACACCTGTGAACTCAATGTGGGACGTCCTTCGGGATGATTCTCATGTCTTTCATATACTCTTATGTATGTCGCGGAATGTCTTATTGTTGCTTTAACGCAATTATATACAACTTTCAACAACGGATCTCTTGGCTCTCGCATCGATGAAGAACGCAGCGAAATGCGATAAGTAATGTGAATTGCAGATTTTCAGTGAATCATCGAATCTTTGAACGCACCTTGCGCTCCTTGGTATTCCGAGGAGCATGCCTGTTTGAGTGTCATTAAATTCTCAACTTCACCGATTTGTTTCGAGTGAGGCTTGNACTTGNAGCGTGNCTGNTCCTTTCTTGGNTCGGCTCCTCTTTAAATGCATCAGCGGAGTCTTCTTTGACTTGCGGTATCGGCGTGATAAATCATGTTACNGCCGNTGACCGATGTCTCAGTCCGCTTACCAATGGTCTTTCGGACGGACTTTATCAAAATTTGGACCTCAAA,Consensus Sequences,linear,
Contig 112,Fri Oct 25 14:10:18 PDT 2024,2 reads from MBH assembled using Geneious,Fri Oct 25 14:10:18 PDT 2024,DNA,TTATTGAATAAACTTGAACAGGCTGTTGCTGGTCCTCCTGGGGGCATGTGCACRCTTGTCATCTTTATYATTTCTCCAAMCTGTGCACCTCTTGTAGACCTGGASCTGGATTTYATTCGAGTTGGGACTGCTGTGCTTCACAAGTCAGCTTTGCCTTGCAGGTCTATGTTCATTTTTTTYWMNCACAAAACCTGTTTAGAATGRTTGGCAATATANNTATAAAAGTTATACAACTTTCAGCAACGGATCTCTTGGCTCTCGCATCGATGAAGAACGCAGCGAAATGCGATAAGTAATGTGAATTGCAGAATTCAGTGAATCATCGAATCTTTGAACGCATCTTGCGCTCCTTGGTATTCCGAGGAGCATGCCTGTTTGAGTGTCATTTTAACTTCTCAACCATTGTTGATTATTTTTCAATGTGGCTTGGATGTGGGGGTTTTTATATTTTGCAGGCTTTGTATTAAGTCGGCTCCCCTGAAACACATTAGTGGTATCCGAGCGGAACTGCTACTATTAGGTGTGATAACTATCTATGCCTTTTNN,Consensus Sequences,linear,
Contig 113,Fri Oct 25 14:10:18 PDT 2024,2 reads from MBH assembled using Geneious,Fri Oct 25 14:10:18 PDT 2024,DNA,NCGGAGGNTCATTACAGAGTTCATGCCCTTACGGGTNGANTCTCCMACCCTWKRWTAYTAWAYCTTNTGTTGCTTTGGCGRGCCGCYTCGGCYACCGGCTYYKGCTGGTRMGYGCYCGCCARAGGACCMYAAACTCTGWWTRTTARTGTCGTCTGAGTACTATATANANTAGTTAAAACTTTCAACAACGGATCTCTTGGTTCTGGCATCGATGAAGAACGCAGCGAAWTGCGATAAGTAATGTGAATTGCAGAATTCAGTGAATCATCGAATCTTTGAACGCACATTGCGCCCCKTGGTATTCCGMGGGGCATGCCTGTTCGAGCGTCAKTAYAACMCTCAAGCYYWGCTTGSTRTTGGGGGCCTGCTGTTACCGGCAGCCCTTAAAACTTATTGGCGGTGCCACCTGGCTCTAAGCGTAATTAATACTTCTCGCTATAGAGTCCCGGTGGATGCTTGCCATCAACCCCTTATTTTTTCTATGGGGTGACCTCGGATCAGGTAGGGTTACCCGCTTGAACTTTAGCAT,Consensus Sequences,linear,
Contig 114,Fri Oct 25 14:10:18 PDT 2024,2 reads from MBH assembled using Geneious,Fri Oct 25 14:10:18 PDT 2024,DNA,GGNTCATTATCGAATAAACTTGAACAGGCTGTTGCTGGTCTTCTCAGGGAGATTACGTGCACGCTTGTCTCATCTTTGTTATTTCTCCAACTGTGCACCTTTTGTAGACCCTGGAGCTTTATGAATTTTCTGAAAATTCGAGTCAGGACTGCTGTTTCAGCTTTGCCTTGCATCTCCAGGTCTATGTCATTTTTCACAACCGCTCAATATGTTTAGAATGTTTGAAATATAAANTTGAAATATACAACTTTCAGCAACGGATCTCTTGGCTCTCGCATCGATGAAGAACGCAGCGAAATGCGATAAGTAATGTGAATTGCAGAATTCAGTGAATCATCGAATCTTTGAACGCATCTTGCGCTCCTTNGNTATTNCCGAGGAGCATGCCTGTTTGAGTGTCATTTAANCTTCTCAACCAACATCAGATGATGTTGGCTTGGATGTGGGGGTTGTTTTTGCAGGCNTTTTTCTTGTANNAAGGTCGGCTNCCCCTNGAAATGGATTAGTGGTATCTGAGGGCTACNAC,Consensus Sequences,linear,
Contig 115,Fri Oct 25 14:10:18 PDT 2024,2 reads from MBH assembled using Geneious,Fri Oct 25 14:10:18 PDT 2024,DNA,GTCATTCATAATAAGTGGTTTATGKCACTTTTTAAATCCATATCCACCTTGTGTGCAMTGTCRGTCGRTCTTCTTYATGGAGATCGRCCAAACATCAACCTWTWTNTTTTAASTCTTTGTCTGAAAAATATTAKGAATAAAMNAATTCAAAATACAACTTTCAACAACGGATCTCTTGCCTCTCGCATCGATGAAGAACGCAGCGAWATGCGATACGTAATGTGAATTGCAGAATTCAGTGAATCATCGAATCTTTGAACGCATATTGCGCTCTTTGGTATTCCGAAGAGCATGCTTGTTTGAGTATCMGTAAACACCYCAWARCKTYTKKWTMTTTTWAWMRAAMAGYTTTGGACTTGAGCAATCCCAACACCAATCYTTTTKRGATCGGTGGCGGGTTGCTTGAAATGCAGAKGCAGCTGGACATTCTCCTGAGCTAGAAGCATATTTCATTTANTCCCGTCGAACGGTTTATTACTTTTTGCTGCAGCTAACATA,Consensus Sequences,linear,
Contig 116,Fri Oct 25 14:10:18 PDT 2024,2 reads from MBH assembled using Geneious,Fri Oct 25 14:10:18 PDT 2024,DNA,GATCATTAACGAATTGCAATGGKGGGGTTGATGCTGGAAGCTGTTTCTTTCGCTGCATGTGCTCGTCCCCCCAACAATCTTCATCCAAACGCCACCTGTGCACATTTCGGAGGGTCTCCGAGTTTGATTTCCTGTTGTTGRCCACACCAGGTTCTCTTCGGKKKKTTCCCTTCCTCYCMWMAWATASACTGCTTCAATAATATTGAACGTGATTGTGCCGCAAGGCCTTTGTCGCAATACAACTTTTAACAACGGWTCTCTTGGCTCTCGCATCGATGAAGAACGCAGCGAAATGCGATAAGNAATGTGANTTGCAGAATTCAGTGANTCNTCGANTCTTTGANCGCNCCTTGCGCNCCCTGNTANTCCGGGNAGCACGCNTGNTCGANTGCGNGAANTNCTCANGNTTGRTGYTTTYTCWTMKTTRGCTTGGAATTGGCTCTGCTGTCCTTTCATTGAACCAGCTGCCTTAAAATCATTA,Consensus Sequences,linear,
Contig 117,Fri Oct 25 14:10:18 PDT 2024,2 reads from MBH assembled using Geneious,Fri Oct 25 14:10:18 PDT 2024,DNA,CCCTCTGGGTCCAACCTCCCACCCGTGTTTATTATACCTTGTTGCTTCGGCTCTCCCGCCTAATGGACGCCGGCCCTTTTCTGCNCCCGGNCCGCGCACGCCGNNNRCATCWCKMARTCKGKGTGRAWMATRTAWTYTGRSWMAAAATATAAATWATTTAAAACTTTCAACAACGGATCTCTTGCNNTCCGGCATCGATGAAGAACGCAGCGAAATGCGATAMRTAAWGTGAATTGCAGAATTCAGWGAATCATCGAGTCTTTGAACGCACATTGCGCCCTCTGGGATTCCGGGGGCATGCCCGTGCGAGCGTCATTGCTGCCCCACCCCGGGTTGTGTGTTGTGCCCCGCCCCCCCTCCCGGGGGAGGGCCCCAAAGACGGGGAACCCGTCCGGCCCTCNGGTTGGGTTTTTCCCCCTCTTGTGCCC,Consensus Sequences,linear,
Contig 118,,2 reads from MBH assembled using Geneious,Fri Oct 25 14:10:18 PDT 2024,DNA,GGAAGGTCATCATTGAAAAAACTTGCACGGGTTGTTGCTGGCTCCAGGGCATGTGCACACCTGTCATCTTTATTTCTCCAACTGTGCACGTATTGTAGACCTGGAGTTTTTGAAACYGTTTCGAGTTGGGGATTGCTGTGCTTCAGTTGAAGTGGGCTTTGCCTTACATTTCTGGGTCTATGTCATTTCACAACCTCATTGAGAATGTCGAATCTGTACCTATNAAAGTTAAATNATNACAACNTTTCAGCAACGGATCTCTTGGCTCTNCGCATCGATGAAGNAACGCAGCGAAANTGCGATAANGTAANTGTGNAATTNGCANGAATTCAGTGNNAATNCATCNGAANTCTTTNGAACGCRYMTTSYKYKCSTTGGTATTCCGAGGAGCATGCCTGTTTGAGTGTCATTTAAGTCCCTCAAC,Consensus Sequences,linear,
Contig 119,Fri Oct 25 14:10:19 PDT 2024,2 reads from MBH assembled using Geneious,Fri Oct 25 14:10:19 PDT 2024,DNA,GGACATTATTGAAATTATAGGTGAGGGTTGTAGCTGGCCTCTCGGGGCATGTGCACGCCTGAGCCCTTAATCCACACACACCTGTGAACCTATTGTAAGGGCCCYYNAAAAAAGGCCTTTACGTCTTATCATCAACCCMWYSGAWGGTYYCTMMGAWGGWAAAAATTGGCCCCCCCCTTAAAAAATGTAATGAAACTAAAACACTTTTGAACACCGGACTCCTGGGTCCCGCAATGTGCGAGAAACGAGGCGAAAGGCAAAAGAAAATGGGAATGGCGAATTTTCATGGAATNTCGGATCCTTGGACGTCCCTTGGCGCCCCTGGGAATCCGGAGAGGAAGGCTGGTTTAGTGTTTTTAAACTNTTTAACTCGAGCGCATTTGTTTCCATTCCA,Consensus Sequences,linear,
Contig 120,Fri Oct 25 14:10:19 PDT 2024,2 reads from MBH assembled using Geneious,Fri Oct 25 14:10:19 PDT 2024,DNA,AAGGCTCTCTGAGTAAACCCATATTAAACACTTATACAAACTCMTAKTNCTGMNAAGGCTATTTGCCGTAATTATATAATATGTTAARMYYTTSARCAMCGGMTMKCTTGSYTCTCGCATCGATGAAGAACGCAGCGAAATGCGATAAGTAATGTGAATTGCAGAAWTCAGTGAATCATCGAATCTTTGRACGCACATTGCGCCCTTTGGYNTTCCTTAGGGCATGCCTGTTCGAKCGTCACTAAACTAGATCCCTCACGGCAGATGGCGCATTGAGGATGCCGCACAGAAAGCGTGTTAGNCTTCATAAAGCACGCNCGCCAA,Consensus Sequences,linear,
Contig 121,Fri Oct 25 14:10:19 PDT 2024,2 reads from MBH assembled using Geneious,Fri Oct 25 14:10:19 PDT 2024,DNA,AATGACCTAGGTCATTTAGAGGAAGTAATTACTTCCTCTAAATGACCTAGGTCATTTAGAGGAAGTAATTACTTCCTCTAAATGACCTAGGTCATTTAGAGGAAGTAATTACTTCCTCTAAATGACCTAGGTCATTTAGAGGAAGTAATTACTTCCTCTAAATGACCTAGGTCATTTAGAGGAAGTAATTACTTCCTCTAAATGACYWAGGTCATTTAGAGGAAGTAATT,Consensus Sequences,linear,
Contig 122,Fri Oct 25 14:10:19 PDT 2024,2 reads from MBH assembled using Geneious,Fri Oct 25 14:10:19 PDT 2024,DNA,GAGGTCATTAGTGACTGTGAATCGTTACCTTTGGTGCTGGCTCTTGCAAGTGCACATTGGTGACTTTCATCCAAATACCCTTGTGAACCTTTGGCCTCTTGTTGGCTTCGGCTGATGGGAGGATTTTACACATNTNATCTCGTGTGAAGAGAA,Consensus Sequences,linear,
