Kingdom,Phylum,Class,Order,Family,Genus,Species,unite_seq
k__Fungi,p__Basidiomycota,c__Agaricomycetes,o__Russulales,f__Russulaceae,g__Russula,s__graminea,GATCATTMWYKAMCRTMSRWSGGCGCNNMAGGGGCTGYCGCTGACCTTCAAAGRTCGTGCACGCCCGAGCCCTCTCACAATCCATCTCACCCTTTGTGCATCACCGCGTGGGTCCCCCTTTGCGGGAGGGCTCGCGTTTTCACATAAAACTCGATACAGTGTAGAATGTTCATTTTTGCGGTCGCACGCAATCAATACAACTTTCAACAACGGATCTCTTGGCTCTCGCATCGATGAAGAACGCAGCGAAATGCGATACGTAATGTGAATTGCAGAATTCAGTGAATCATCGAATCTTTGAACGCACCTTGCGCCCCTTGGCATTCCGAGGGGCACACCCGTTTGAGTGTCGTGAAATCCTCAAAATCCTCTTCTTTGAAAAGGATTTTTGGACTTGGAGGTTTAATGCTCGCCTTTTGCATTTGAAAGCGAGCTCCTCTCAAAAGAATCAGTGGGGTCTGCTTTGCTGGTCCTTGACGTGATAAGATGTTTCTACGTTTNGGATNTGGCATG
k__Fungi,p__Basidiomycota,c__Agaricomycetes,o__Russulales,f__Russulaceae,g__Lactarius,s__chrysorrheus,GGTCATTATCGTACAAAATGTGTGAGGCATGCAAGGGCTGTCGCTGACTCAAAATCGTGCACGCCAGTGTGTGTCCTCTCACATAATAATCCATCTCACCCTTTGTGCACCACCGCGTGGGTACCCTTTGGGATCAGACCGATCTTGGAGGATGCTTGCGTTTTCACACAAACCCCCCTTTTAAAAAAGTGTAGAGTGACCTCATTTATGCGCTAACCCGCAATCAATACAACTTTCAACAACGGATCTCTTGGCTCTCGCATCGATGAAGAACGCAGCGAAATGCGATACGTAATGTGAATTGCAGAATTCAGTGAATCATCGAATCTTTGAACGCACCTTGCGCCCCTTGGTATTCCGAGGGGCACACCCGTTTGAGTGTCGTGAAAATCTCAACCTCCTTGGTTTCTTCTCGAGACCAAAGGAGGCTTGGACTTTGGAGGCATTTGCTGGCATCTTCTCTCTTTTGAAGGGGTCAGCTCCTCTTAAATGAATTAGCAGGGTCCTCTTTGCCGATCCTTNGACATGTGATAAANATGTTTCCCATGGCCTTGGTTTCTGGCCTCTGTTTGCTTTTTGGGACCCCGCTTTCTAACCCGTTCTTTGACCCTTGCG
k__Fungi,p__Basidiomycota,c__Agaricomycetes,o__Russulales,f__Russulaceae,g__Russula,NA,GNGGTCATTATCGTACAATGGGGGTACCCGGGTTGTCGCTGACTTTTTTGTCGTGCACGCCCGAGTGCTCTCACATACAAATATATCCATCTCACCCCTTTGTGCATCACCGCGTGGGTGTCCCCCCTTCTTCGGAGGGGGGTGCTCACGTTTTTAACATCAAACACCCTAGTGTAGAATGTTCTTTTGCGCGATCACGCGCGAATCAATACAACTTTCAACAAGGGTTCTCTGGCCTCTCGCATCGATGAAGAASGCAGCGAAATGCGAAACGTAAGGKGAATTGCAGAATTCAGGGAATCATCGAATCTTTGAACGCACCTTGCGCCCCTTGGCATTCCGAGGGGCACACCCGTTTGAGTGTCGTGAACATCCTCAACCTGCTTCGTTCTATCGAACCAAGTAGGCTTGGAATTTGGAGGTTTTTCTGCTGGCTTCCTCTGGGAAGCCAGCTCCTCTTAAATCTATCAGGGGGATCCGCTTTGCTAGATCNCTCCGACGTTGATAAGATGTTTCTACGTCTTGGGKTTYCGCTCGGRNAAAGGANCCTGCTTTCTAACCGTNCCCCCCCCATCGGGGNACAAWKGTTCGAAAAGCCGATCGGCCCTTCCACGGGGGTGGGGAAGCTTTTTCGACCCCATGAAA
k__Fungi,p__Basidiomycota,c__Agaricomycetes,o__Russulales,f__Russulaceae,g__Lactarius,NA,CACCCTTTGNTCATCTCGGAGGGGGCTCGCGTTTTCACACAAACCCCCCTTTTAAAAGTGTAGAATGACCTCATTTATGCGCTAACCCGCAATCAATACAACTTTCAACAACGGATCTCTTGGCTCTCGCATCGATGAAGAACGCAGCGAAATGCGATACGTAATGTGAATTGCAGAATTCAGTGAATCATCGAATCTTTGAACGCACCTTGCGCCCCTTGGATTCCGAGGGCACACCCGTTTGAGTGTCGTGAAAACCTCAACCTCCTTGGTT
k__Fungi,p__Basidiomycota,c__Agaricomycetes,o__Agaricales,f__Inocybaceae,g__Inocybe,s__geophylla,GTGACTGCGGANGGTCATTATCGAATAACTTGAACAGGCTGTTGCTGGCCCCATGGGTATGTGCACGCTTGTCATCTTTATCATTTCTCCAACCTGTGCACACAATGTAGACCTGAGGAGCCTTTTGAATTCTATTCGAGTGGGGGATTGCAGTGCTTTTATTTAAAACCACAAAAGTCTGCTTTCCCTTGAATTTTTCAGGTCTATGTCATTTTTCTTTCACAACCATGTTTAGAATGTTGAATCAGGTCTTTGTACCTAAAAAGTTAATACAACTTTCAGCAACGGATCTCTTGGCTCTCGCATCGATGAAGAACGCAGCGAAATGCGATAAGTAATGTGAATTGCAGAATTCAGTGAATCATCGAATCTTTGAACGCATCTTGCGCTCCTTGGTATTCCGAGGAGCATGCCTGTTTGAGTGTCATTTGACTTATCAACCACATCATCTATTTTTGAAATTGGGGTTTGATTGNGGGGAGATTATTATTTTTGCGATCTCAACAAAAGCCGGTCCCCTTGAAAGGCATAAGGGTAATCGGAGCGGCTATTGGTGGTGAAAATTATATCTATTCCTCTTGGGTTTTGCGGTCCAAAACCTGTTTTATAAACCCCCC
k__Fungi,p__Basidiomycota,c__Agaricomycetes,o__Russulales,f__Russulaceae,g__Russula,s__chloroides,GCGGAGGTCATTATCGTACAATGGGGGTACGACGGCTGTCGCTGACTTTTTGTCGTGCACGCCCGAGTGCTCTCACATACAAATATCCATCTCACCCCTTTGTGCATCACCGCGTGGGTCCTCTTCCTCGGAGGGGGTGCTCACGTTTTTAACATTAAACACCCATTCGAACGTAGTGTAGAATGTTCTTTGCGCGTGAACGCGCGATCAATACAACTTTCAACAACGGATCTCTTGGCTCTCGCATCGATGAAGAACGCAGCGAAATGCGATACGTAATGTGAATTGCAGAATTCAGTGAATCATCGAATCTTTGAACGCACCTTGCGCCCCTTGGCATTCCGAGGGGCACACCCGTTTGAGTGTCGTGAACATCCTCAACCGACTTGGTTTTATCGAACCCAAGTAGGCTTGGAATTTGGAGGTTTTCTGCTGGCCTCCTCTGAAGCCAGCTCCTCTTAAATGTATCAGTGGGATCCGCTTTGCTAGATCCTCGACGTTGATAAGATGTTTTTCTACGTCTTGGGTTTCGCTCGGGAAGGAACCTGCTTCTAACCGTCCCATCAGGGGACAACGTTCGAGCCGATCGCCCTTTNACGGGGTGGGNAAGCTTTCGACCCATCGAACCTTGACCTCAAATCGGGTGAGACTACCCGCT
k__Fungi,p__Basidiomycota,c__Agaricomycetes,o__Russulales,f__Russulaceae,g__Russula,NA,CGGAGGACATTATCGTACTACAGAGGTGCTCAGGTTGTCGCTGACCTTTTGGTCGTGCACGCCCGAGTGCTCTCAATCCATTTCACCCTTTGTGCATCACCGCGCGRGGTCTCTTCCTCTTGGCTTGCTTCGAGAGGGGGAGGCTCGCGTTTTTCATACAAACACCCTTCTAGTTTAGAATGTCATTCATTTGCGATCATACGCAATCAATACAACTTTCAACAACGGATCTCTTGGCTCTCGCATCGATGAAGAACGCAGCGAAATGCGATACGTAATGTGAATTGCAGAATTCAGTGAATCATCGAATCTTTGAACGCACCTTGCGCCCCTTGGTATTCCGAGGGGCACACCCGTTTGAGTGTCGTGAAATTCTCAAACCTTCTTGGTTTCTTGATCAAGATGGCTTTGGACTTTGGAGGCATTTGCTGGCTTTGCGAAAAGCCAGCTCCTCTTGAATGCATTAGTGGGGTCCCCTTTGCCGATCCCCAGGCGTGATAAGATGTTTCTACGTCTTGGGATTTGCTCTGTTCCTTGGGAACCCGCTTCTAACCGTCTCATGGAAGRACATCGTTCGAGCTTGCTCGACCCACGAACCTTGACCTCAAATCGGGTGAGACT
k__Fungi,p__Basidiomycota,c__Agaricomycetes,o__Agaricales,f__Inocybaceae,g__Inocybe,NA,GGTCATTATTGAATAAATTGAACAGGCTGTTGCTGGTCCTCTCTTTTGTGGAGGGTGCATGTGCACGCTTGTCATCTTTATTTCTCCAACTGTGCACATATTGTAGACCTGGAGACGTAGGTTGATTCATATCGAGTTGGCACTGCAGTGCTTACAAAAAGTCTGCTCTGCCTTTTGCATTTCCAGGTCTATGTCATTTTCACAATCTCAATGTGTTTAGAATGTTGAATCAGGTGCTTTTGTACCTATAAAGTTAAATATACAACTTTCAGCAACGGATCTCTTGGCTCTCGCATCGATGAAGAACGCAGCGAAATGCGATAAGTAATGTGAATTGCAGAATTCAGTGAATCATCGAATCTTTGAACGCATCTTGCGCTCCTTGGTATTCCGAGGAGCATGCCTGTTTGAGTGTCATTTCAAGCTCTCAACCACATCAATCTATTAATTTTTTTTTGTGTGGGCTNCGGGAKRDGGGGDGDTTCTTGCCCBCBGTCTTGBHGNTCGGVBVBVCKRDVDCYCCCYNCAAAWAWAAKWANTAAGTATCTGGGGCAGAAAAAAAAAAACAAA
k__Fungi,p__Basidiomycota,c__Agaricomycetes,o__Agaricales,f__Cortinariaceae,g__Cortinarius,s__casimiri,CGGAGGRTCATTATTGAAATAAACCTGATGGGTTGTTGCTGGTTCTCTAGGGAGCATGTGCACGCCTTGTCATCTTTATATCTCCACCTGTGCACTTTTTGTAGGCCTTTCAGGTCTATGTTGCTTCATTTACCCCAATGTATGTCAATAGAATGTTGTGCCTATTTAATATATACAACTTTCAGCAACGGATCTCTTGGCTCTCGCATCGATGAAGAACGCAGCGAAATGCGATAAGTAATGTGAATTGCAGAATTCAGTGAATCATCGAATCTTTGAACGCACCTTGCGCTCCTTGGTATTCCGAGGAGCATGCCTGTTTGAGTGTCATTAATATATATATCAACCTTCTCTTTTTGAGTGGTTTGGATGTGGGGGTTTGCTGGCCTTGTAAAGGGTTCAGCTCCCCTGAAATGCATTAGCAGAACAACCCTGTTCATTGGTGTGATAACTATCTACGCTATTGAATGTAARGGGGCAGTTCAGCTTTCTAACAGTCCTCGGACAATTCATCATTAATGTGACCTCAAATCAGGTAGGACTACCCGCTGAACTTT
k__Fungi,p__Basidiomycota,c__Agaricomycetes,o__Russulales,f__Russulaceae,g__Russula,NA,AYSKAGRWSCGAGGNGCKRKSGCTGWCNCTKWYCTTTTYGGTCGTGCACGCCYGRGYGCTCTCACACAATCCATCTCACCCCTTGKGCACCACCGCGTGGGTCCCTCTCTGGCTAATCCCGAGGGGGGCTTGCGTTTTCACACAAACTTGAAGTARTGKAGAATGKNCTTTTTTTGCGATAACAYGCAATCAATACAACTTTCAACAACGGATCTCTTGTCTCTCGCATCGATGAAGAACGCAGCGAAATGCGATACGTAATGTGAATTGCAGAATTCAGGGAATCATCGAATCTTTGAACGCACCTTGCGCCCCTTGNCATTCCGACGGGCACACCCGTTTGATTGTCGTGAAATTCTCAAAACCCTTTCTTTTGTTCATTTTTGACCGCGGAAAGGATTTTGGACTTGGAGGCCTTTTGCTGGCTTCGCCTTGAAGCCAGCTCCTCCCAAATTTATTAGTGGAGTCTGCATTGTCGGTCCTTGGCGTGATAAGTTGCTTCTACGTCTCG
k__Fungi,p__Basidiomycota,c__Agaricomycetes,o__Thelephorales,f__Thelephoraceae,g__Tomentella,s__cinerascens,TCATTACTGAATTGTTAACATGAGTTGTTGCTGGCCCCCCAAACAGAGGCATGTGCACGCTCTGTTTACACATCCACTCACACCTGTGCACCCTCTGTAGTTCTATGGCCCGGGTGACTCTGTCCCCTCGCTGTTGTTCTGCATCTTTACACACATACACTGTAACTTAGTTTTGTGGAATGTATCCTGCATATTATGCAATACAATACAACTTTCAGCAACGGATCTCTTGGCTCTCGCATCGATGAAGAACGCAGCGAAATGCGATAAGTAATGTGAATTGCAGAATTCAGTGAATCATCGAATCTTTGAACGCACCTTGCGCCCTTTGGCTATTCCGAAGGGCATGCCTGTTTGAGTATCATGAACACCTCAACTCTCATGGTTTGCCATGATGAGCTTGGACTCTGGGGGTCTTGCTGGCTCATAGTCAGCTCCTCTTAAATGAATCAGCTTTCCAGTGTTTGGTGGCATCACAGGTGTGATAACTATCTACGCTTGTGGNTGTCCTCCCAGGTAACCTTCGGGCATGGAGGTCGCTGGAGCTMAWAAACGC
k__Fungi,p__Basidiomycota,c__Agaricomycetes,o__Russulales,f__Russulaceae,g__Lactarius,s__scrobiculatus,TCATTATCGTACAACATGTGTGAGGCGCGCGAGGGCTGTCGCTGACTTTTTGAAACACAAAAGTCGTGCACGCCGGAGCGTGTCCTCTCACAATAAAATCCATCTCACCCTTTTGTGCACCACCGCGTGGGCACCTTTTGGGATCGAACCGATCCTGGAGGGGGCTTGCGTTTTCACACAAACCCCTTTTAAAAAGTGTAGAATGACCCCACTTTGCGATGACACGCAATCAATACAACTTTCAACAACGGATCTCTTGGCTCTCGCATCGATGAAGAACGCAGCGAAATGCGATACGTAATGTGAATTGCAGAATTCAGTGAATCATCGAATCTTTGAACGCACCTTGCGCCCCTTGGTATTCCGAGGGGCACACCCGTTTGAGTGTCGTGAAAATCTCAACCTTCTCGGTTTTCTTCTGGACACCGAAGGAGGCTTGGACTTTGGAGGCCTTTGCTGGCATCTCTCTCTTTTTGAGAGCCAGCTCCTCTTAAACGAATTAGCGGBGTCCTCTTTGCCGATCCTCGACATGTGATAAGATGTTTCCATGACTTGGTTTCTGG
k__Fungi,p__Ascomycota,c__Leotiomycetes,o__Helotiales,f__Hyaloscyphaceae,g__Hyphodiscus,NA,GGTCATTACCGAGTTCATGCCCTTACGGNTAGACCTCCCACCCTATGTTATCATTACCTTTGTTGCTTTGGCGGGCCGCCAGGCTTCGGTCAGGCTATCGGCTTCGGCTGGTAAGCGCCCGCCAGAGGACCCCAACATCCTGATTATTAGTGTCGTCTGAGTACTATRYAATAGTTAAAACTTTCAACAACGGATCTCTTGGTTCTGGNATCGATGAAGAACGCAGCGAAATGCGATAAGTAATGTGAATTGCAGAATTCAGTGAATCATCGAATCTTTGAACGCACATTGCGCCCCTTGGTATTCCGAGGGGCATGCCTGTTCGAGCGTCATTACAACCCTCAAGCATTGCTTGGTGTTAGGCTCCGCTGCTCACCCAGCGGGCCTTAAAATCAGTGGCGGTGCCGTCGGGCCCTGAGCGTAGTAAATCTCCTCGCTACAGGGACCCGGTGGACGCTGGCCATCAACCCCTCACTTTCTAAGTTTGACCTCGGATCAGGTAGGGATACCCGCTGAACTTAA
k__Fungi,p__Basidiomycota,c__Agaricomycetes,o__Hysterangiales,f__Hysterangiaceae,g__Hysterangium,s__nephriticum,NGGTCATTAATGAACGTCGTTGATCATCATCGGGTGGCCCTCGGGCCGTCCGTGCCGGAAATTCACACCCTTTGTGCACCTCGGAGGTGGCGGTTTTTTTCSGNCGGCTCCCTCNTTACRAAAAABGCCTGTCAGTGAAGCATGTCGGAGAGCTATATATATACATACAACTTTCAACAACGGATCTCTTGGCTTTCGCATCGATGAAGAACGCAGCGAAAGTGCGAAACGTAATGTGAATTGCAGAATTCAGTGAATCATCGAATCTTTGAACGCATCTTGCGCTCTTCGGTATTCCGAGGAGCATGCCTGTTTGAGTGTCGTGACAATCCCTCGACCTTCCCCTCGCGCTCGCGTTCGGAGGGTCGGATTTTGGACGTTG
k__Fungi,p__Basidiomycota,c__Agaricomycetes,o__Atheliales,f__Pilodermataceae,g__Piloderma,s__olivaceum,GAGGTCATTATTGAAATTATAGGCGAGGGTTGTAGCTGGCCTCTCGGGGCATGTGCACGCCTGAGCCCTTAATCCACACACACCTGTGAACCTATTGTAAGGGCCCTTAAAAAAGGCCTTTACGTCTTATCATCAACCCNATCGTATGKCTCATAGAATGTAAATATATGTCCTCGCCTTAAAAAGCGTTGATAAACTTATACAACTTTCAACAACGGATCTCTTGGCTCTCGCATCGATGAAGAACGCAGCGAAATGCGATAAGTAATGTGAATTGCAGATTTTCAGTGAATCATCGAATCTTTGAACGCACCTTGCGCTCCTTGGTATTCCGAGGAGCATGCCTGTTTGAGTGTCATTAAATTCTCAACTCTGATCGATTTGTTTCGACTTCGGAGCTTGGATTTGGGAGCGGGGCTGGCGTCGGTCGGCTCCTCTTAATGCATATAAGGGGAATCCTAACGGTTTCGGATNGTCAGTGNGGATAAATCAT
k__Fungi,p__Basidiomycota,c__Agaricomycetes,o__Russulales,f__Russulaceae,g__Russula,s__rhodopus,ATGCGGAATRRTCATTATAGTATAACTGAGGCGCGACGGCTGTCGCTGACCTTTCGGTCGTGCACGCCCGAGTGTTCTCAAAAACATCCATCTCACCCCTTGTGCACCACCGCGTGGKCACCCTTTCGACTCGTTCGGAGGGGAGCTCGCGTTTTCACACAAACTCTGTACGGTGTAGAATGTCTTCCTTTGCGATCACACGCAATTAATACAACTTTCAACAACGGATCTCTTGGCTCTCGCATCGATGAAGAACGCAGCGAAATGCGATACGTAATGTGAATTGCAGAATTCAGTGAATCATCGAATCTTTGAACGCACCTTGCGCCCCTTGGCATTCCGAGGGGCACACCCGTTTGAGTGTCGTGAAATTCTCAAAACCCTTTTCTTTTGAAAGGATTTTGGACTTGGAGGCTTTTTGCTGGCTTCGCCTTGAAGTGAGCTCCTCCCAAACGAATTANTGGGGTCCGCTTTGCCGATCCTTGACGTGATAAGATGNTTCTACGTCTTGG
k__Fungi,p__Basidiomycota,c__Agaricomycetes,o__Russulales,f__Russulaceae,g__Lactarius,s__luculentus,NNACATTATCGTACAAAATGTGAGGGGCATGTGAGGGCTGTCGCTGACTCAAAGTCGTGCACGCCCGAGCATGTCCTCTCGCATAATAATCCATCTCACCCTTTGTGCATCGCCGCGTGGGCACCCTTTGGGATCGTCTCGGAGGGGGCTCGCGTTTTCACACAAACCCCCCTTTTAAAAGTGTAGAATGACCTCATTTATGCGCTAACCCGCAATCAATACAACTTTCAACAACGGATCTCTTGGCTCTCGCATCGATGAAGAACGCAGCGAAATGCGATACGTAATGTGAATTGCAGAATTCAGTGAATCATCGAATCTTTGAACGCACCTTGCGCCCCTTGGTATTCCGAGGGGCACACCCGTTTGAGTGTCGTGAAAACCTCAACCTCCTTGGTTTCTTCTGGAGACCAAAGCAGGCTTGGACTTTGGAGGCCTTTGCTGGCACCTCTCTCTTTTGAAGGTCAGCTCCTCTTAAATGAATTAGCAGGGTCCTCTTTGCCGATCCTCGACGTGTGATAAGATGTTTCCATGTCTTGGTTTCTGGCTCTGTCACTTTTGGGGACCCGCTTCTAACCGTCTTGACCNTTGCATCGAGACAATGTTCGAGCATGCCTCCCTTCTNCGGGAAGCTCCCTTCGACCCCACGAACCCNTTGACCTCAAATCGGGTGAGACTACCCGCTGAC
k__Fungi,p__Ascomycota,c__Pezizomycetes,o__Pezizales,f__Tuberaceae,g__Tuber,s__lauryi,GGTCATTATANATATATGGGATGCTCAATATGAGTTCTCAACAAAACACTTTCATGTGTATCCTTCCATGTTGCTTCCYCAGGCCAGTAGCCATTGCTACCAGCCAGGCCGATCTTCGGTTACTAGGTTGAGGTGCCTGGGGAAGGGTCAGTCATAAAACCTTACATTGACTTATCGTCTGACAAGGCCATGTGCCATTATATTTAAATATTTTAAAACTTTCAACAACGGATCTCTTGGTTCTCGCATCGATGAAGAACGCAGCGAAATGCGATAAGTAATGTGAATTGCAGAATTCAGTGAATCATCGAATCTTTGAACGCATATTGCGCCCTTTGGTATTCCTTAGGGCATGCCTGTTCGAGCGTCACTAACAACCAATCACCTTCTGTGTGGTATTGGCAGATGTGGGTTGAGTACAAAGCTTAGCAGTGATACTCTCCCACACTGTTGGAATGAATAGGCTAGAAAAGTAGATCATAGCAACAGACTTT
k__Fungi,p__Basidiomycota,c__Agaricomycetes,o__Sebacinales,f__Sebacinaceae,g__Sebacina,s__dimitica,GACATTATGATTGCGAATGGTTGCCTTCGGTGCTGGCTCTTGCAAGTGCACGTTGGTGGCTTTCATCCAATACCCCTGTGAACCTTTGGCCTCTTGCTAGCTTCGGCTGGCAGAGGATTTTTACACACTCGAATGTAATGAAAACTATTGTCGTGCGCAAGCACTAATGTACAACTTTCAACAACGGATCTCTTGGCTCTCGCATCGATGAAGAACGCAGCGAAATGCGATAAGTAATGTGAATTGCAGAATTCAGTGAATCATCGAATCTTTGAACGCACCTTGCACCCTTTGGTATTCCGAAGGGTATGCTCGTTTGAGTGTCATTGTACTCTCACACTCTCTGCTCTTTTTGGATTCAGGGAGCGGTGGACTTGGGTGTTTGCTGCTTACCTTGCAGCTCACCTCAAATGCGTCAGTGCATCTCTTGNTTGGNACATAGT
k__Fungi,p__Basidiomycota,c__Agaricomycetes,o__Sebacinales,f__Sebacinaceae,g__Sebacina,NA,CATTATTGATTGCGAATGGTTGTCTCCAGTGCTGGCCGGGTCACTCTGGCAAGTGCACGGAGACAGCTTTCATCCAATACCCTGTGCACCTTTGGCCTCTTGCTAGCTTCGGCCAGCAGAGGATTTTACACCCACTCGCATGTAATGAAATTACTGTTGTGCACAAGCACTACTATACAACTTTCAACAACGGATCTCTTGGCTCTCGCATCGATGAAGAACGCAGCGAAATGCGATAAGTAATGTGAATTGCAGAATTCAGTGAATCATCGAATCTTTGAACGCACCTTGCACCCTTTGGTATTCCGAAGGGTATGCTCGTTTGAGTGTCATTGTACTCTCACACTCCCGATTGTTTGGATCGGGAGTGGTGGACTTGGGTGTTGCTGCTTTCCAGTGGCTCACCTTAAATGCAGTAGTGCAACTCTCGGTTGGACATAGTACGGCGTGATAAGTGTCTTCGCCGGCACCTCCTCACAGAGGGTNGGCCGATCGGGGAGCTCTGTGCTTCCCAACCGTCTTCGGACAACGACTGACAANCTTGACCTCNAAATCGAGTAGGACTACCCCNGCTGAACTTAAGCANT
k__Fungi,p__Ascomycota,c__Pezizomycetes,o__Pezizales,f__Pyronemataceae,g__Geopora,NA,ATTAATCNGAACGAACATGTTTACTCAGCATGAATTTCAAAACCCATCTGTGTACCATACCTGTTGCTTCCGTGCTGCGTATGCGGCAACGCGTGCCACCAAGGTCTACTCCCCGAGTGGAGGGGCCCTGGTGTGTCGGCACGGAAGGTTTTTACAGCAAACTCTTGCATTTCCATGTCTTCTGTCTGAACTGTCATATATAATAAGTTAAAACTTTCAACAACGGATCTCTTGGTTCTCGCATCGATGAAGAACGCAGCGAAATGCGATAAGTAGTGTGAATTGCAGAATTCCGTGAATCATCGAATCTTTGAACGCACATTGCGCCTCCTNGTATTCCGGGAGGCATGCCTGTTCGAGCGTCATTAGATCATATCAAGCGATTCGCATGGTATG
k__Fungi,p__Ascomycota,c__Pezizomycetes,o__Pezizales,f__Helvellaceae,g__Helvella,s__vespertina,GGAGGNWCATTACCAAGTATAGGAAGGCCCATTCACGTGCCCGGTTATTCCAGGTGCGGAAGGKGGCCCGACCTCGAATCTCTCTCTGCGTACGACTCCCTGTTGCTTCCCCGGGAGGGCGACATGCCACCCGGGGAGGGCCCCCCCCTGAGAGCACAACGATGCCGACAAATGCACCTGTAGAACTCACCACCCCGGCCGTCTGATGCCCGGCGCACCGATCAGGGCGCAGGGAGCCAGGACGTGGACCGCAAACGGATAGAAAAAACTTTCAACAACGGATCTCTTGGTTCCCGCATCGATGAAGAACGCAGCGAAATGCGATAANGTAATGTGAATTGCAGAATTCAGTGAATCATCGAATCNTTTGAACGCACATTGCGCCCCCTGGCATTCCAGGGGGCATGCCTGTTCGAGCGTGTCCGAGAAGNTAGGCTCACGCGTGGAAACGCGTGGTTGTGGTGGCGGCGGCGGTCCCGACAGGGCGGCCATCCCGGCGGAATCGATGGCGGATGCCTGCCGCTCCGCAGAGCGTGATATTCTTTGCTATCGCCTCGAGGGCGGCGAGTGCGCCCAACCGCATCCATG
k__Fungi,p__Basidiomycota,c__Agaricomycetes,o__Thelephorales,f__Thelephoraceae,g__Tomentella,s__sublilacina,GTCATTACTGARYTGTCGACACGAGTTGTTGCTGGTCCTCNGAAAGGGGRCATGTGCACGCTCTGTTTACACATCCACTCACACCTGTGCACCCTCCGTAGTTCTATGGTCTGGGAGACCTTGTCTTCCTGCCGTGGTTCTACGTCTTTACACACACACTGTAACAAAGTCTTAAGGAATGTATGCAGCGTCTAACGCAATACAATACAACTTTCAGCAACGGATCTCTTGGCTCTCGCATCGATGAAGAACGCAGCGAAATGCGATAAGTAATGTGAATTGCAGAATTCAGTGAATCATCGAATCTTTGAACGCACCTTGCGCCCCTTGGCTATTCCGAGGGGCATGCCTGTTTGAGTATCATGAACACCTCAACTCTCATGGTTCGCCGTGATGAGCTTGGACTCTGGGGGATTTGCTGGCCTGCGGTCAGCTCCCCTCAAATGAATCAGCCTCCCAGTGTTTGGTGGCATCACGGGTGTGATAAATATCTACGCTYGTGGTTGCCYGNCCAGGTAACCTTYRGCANATGGNAGGTTTGCTGGAGCTCATAATTGGNTCTTTCCTCAGCGARGACAGCTTTTTKGNACGTTCGATCTCAAATCAGGTAGGACTACCCGCTGAMYTA
k__Fungi,p__Basidiomycota,c__Agaricomycetes,o__Agaricales,f__Cortinariaceae,g__Cortinarius,s__decipiens,GNGGTCATTATTGAAATAAACCTGATGGGTTGTTGCTGGTTCTCTAGGGAGCATGTGCACACCTTGTCATCTTTATATCTCCACCTGTGCACTTTTTGTAGACCTTTCAGGTCTATGTTGCTTCATTTACCCCAATGTATGTTAATAGAATGTTGTGCCTATATAATATATACAACTTTCAGCAACGGATCTCTTGGCTCTCGCATCGATGAAGAACGCAGCGAAATGCGATAAGTAATGTGAATTGCAGAATTCAGTGAATCATCGAATCTTTGAACGCACCTTGCGCTCCTTGGTATTCCGAGGAGCATGCCTGTTTGAGTGTCATTAATATATATNNCAACCTTCTCTTGTAGAGTGGTTTGGATGTGGGGGTTTGCTGGCYTCTTAAATGATTCAGCTCCYCTGAAATGCATTAGCAGAACAACCTGTTCATTGNGCGTGATAACTATCTACGNCTATTGGGATGTGATGGGGCAGKTCAGCTTTTCTAAANTGTCCTCGGGACAATTCATCATCMAMNGTGACCTCAAATCNAGGTAGSNACTACCCGCTGAACTAG
k__Fungi,p__Basidiomycota,c__Agaricomycetes,o__Agaricales,f__Tricholomataceae,g__Tricholoma,s__triste,CATTATTGATAAGCTTGGTTGGGTTGTTGCTGGCTCTTAGGAGTATGTGCACGCCTAACACCAACTTTTACCACCTGTGCACCTTCTGTAGACCTGGATAAACTCTCGAGGAAACTCGGTTTGAGGACTGCTGTGCGCAAGCCGGCTTTCCTTGTAATTCCGGTCTATGTTTTTATATATACCCCTACCAGTATGTCTCAGAATGTTTGTTGTTGGGCTTGAATGCCTTTAAACTTAATACAACTTTCAACAACGGATCTCTTGGCTCTCGCATCGATGAAGAACGCAGCGAAATGCGATAAGTAATGTGAATTGCAGAATTCAGTGAATCATCGAATCTTTGAACGCACCTTGCGCTCCTTGGTATTCCGAGGAGCATGCCTGTTTGAGTGTCATGAAATTCTCAACCTTTTCAACTTTTTCTGNTGATCAGGCTTGGATGTGGGAGTATGCGGGCTTCTCAGAAGTCGGCTCTCCTGAAATGCATTAGCGGGACCTTTG
k__Fungi,p__Basidiomycota,c__Agaricomycetes,o__Sebacinales,f__Sebacinaceae,g__Sebacina,NA,CGGAGNTCATTAATGATTGCGAATGGTCGCCTTCAGTGCTGGCTCCCCGGAGCAGGTGCACGTTGGTGGCTTCATCCAATTCCACACCCTTGTGAACCTTTGGCCTCTTGCTAGCTTCGGCTGGCAGAGGATTTTACACATACTCGAATGTAATGAAAACTATTGTTGTGCGCAAGCACTAATATACAACTTTCAACAACGGATCTCTTGGCTCTCGCATCGATGAAGAACGCAGCGAAATGCGATAAGTAATGTGAATTGCAGAATTCAGTGAATCATCGAATCTTTGAACGCACCTTGCACCCTTTGGAATTCCAAAGGGTATGCTCGTTTGAGTGTCATTGTACTCTCACACTCTCTGATCCTTTGGATTTGGGGAGTGGTGGACTTGGGTGCTTGCTGCTTTCCTTGTAGCTCACCTCAAATACATCAGTGCACCTCTTAATTGGGACATAGTACGGCGTGATAAGTGTCTTCGCCGGCACCTCGTAAAGAGGGTGGNCCGATTGGGAGCTCTGTGCTTTCAAATCGTCTTCGGACAATAAATCTGACAACTTKGACNTCAAATAGGANGTAGGGACTANCNCCGCTGAMCTTTA
k__Fungi,p__Ascomycota,c__Pezizomycetes,o__Pezizales,f__Tuberaceae,g__Tuber,s__candidum,CACTAANGTGTTCCCTTGACCAAAACCCTCTCTGCGTACCAATCTATGTTGCTTTCCTAGGTGGTTGGTCTCAGCTGCCGTCCAACATTGCCTGCTAGCTCAGTCAACTCGAGTTGTTAACTTGGAGTTTGATCTTTTTTACTGATGGGTTAAGCTTTAATAGGTCAGTGAGCTTAATTTATATCTATCAGGATTAGCTATGCAGGCCCCTGGGAAAGGGTCAATCCCAAGTGAATATGTTAATCAGCTGTCTGAGTTGGCCTTGTGCCTTATTCTTTGAACAAGTTAAACTTTCAACAACGGATCTCTTGGCTCTCGCATCGATGAAGAACGCAGCGAAATGCGATAAGTAATGTGAATTGCAGAATTCAGTGAAT
k__Fungi,p__Basidiomycota,c__Agaricomycetes,o__Russulales,f__Russulaceae,g__Gymnomyces,s__ellipsosporus,GTNGCACGCCCGAGTGCTCTCACACACATCCATCTCACCCCTATGTGCATCAACGCGTGGGTTTCCTTTGAAAAAGGGGGGCCCGCGTTTTTTTCCCCACACAAATCTCAAAGTAATATAGAATGTACTTTTCTTTTTGCGGTGACACGCAAATCAATACAACTTTCAACAACGGATCTCTTGGCTCTCGCATCGATGAAGAACGTAGCGAAATGCGATACGTAATGTGAATTGCAGAATTCAGTGAATCATCGAATCTTTGAACGCACCTTGCGCCCCTTGGCATTCCGAGGGGCACACCCGTTTGAGTGTCGTGGAATCTTCAAAACCTTTTTTCTTTCTTTCTTTGATTGAGAAAAGGATTTTGGACTTGGAGGATCGATGCTTGCTTTTCTTTTTGAAAGGCGAGCTCCTCTCAAAGGAATTAGTGGGGGTTTGCTTTGCTGATCC
k__Fungi,p__Basidiomycota,c__Agaricomycetes,o__Russulales,f__Russulaceae,g__Russula,NA,TCATTATCGTACAATGGGGGTACGACGGCTGTCGCTGACTTTTTATGGTCGTGCACGCCCGAGTGCTCTCACATACAAAWAATCCATCYCCCCCCTTGGGGCTTCMCGGSGKGGTCCCCCCTTCCCSGGRGGGGGGGGCYCAGGTTTTNAACATCGAAAACCCATTCGAACGAATGGAAAAAGGTTTTTTTGCGCGATGACGCGMGANCAATAYRACTTTCAACAACGGATCTCTTGGCTCTCGCATCGATGAAGAACGCAGCGAAATGCGATACGTAATGTGAATTGCAGAATTCAGTGAATCATCGAATCTTTGAACGCACCTTGCGCCCCTTGGCATTCCGAGGGGCACACCCGTTTGAGTGTCGGGAAATCTTCAAAACCCTTTTTTCTTTGAACCATGGGGGGGCGGAAAAAGGTTTTTTGGACTTGGAGGTTTAATGCTTGCCCTTTTCTTTTTGAAGACGCGACCTCCCTTCTCAAATGAATTAGGGGGGGGCCCGCTTTTGCNGATCCTTGGAGGGGGAAAAAAATGGTTTCTACGTTTTGGGGTTTAGCACTGG
k__Fungi,p__Basidiomycota,c__Agaricomycetes,o__Cantharellales,f__Clavulinaceae,g__Membranomyces,NA,TGCGGAAGGACATTAACGAATTGTAATTGGAGTTGATGCTGGCAGGCTTGGCTGCATGTGCTCGCTCCTAACAATCTTCATCCAAACACCTGTGCACATTTAGAGAGGGTCTCCGAGTCCTCCTTGGAGTCCCTTCCTCTCATTACACACTTTATTTCAATGTTGAACGTGATTGTGCCGTAAGGCCTTAATATTAATACAACTTTTAACAACGGATCTCTTGGCTCTCGCATCGATGAAGAACGCAGCGAAATGCGATAAGTAATGTGAATTGCAGAATTCAGTGAATCATCAAATTTTTGAACGCACCTTGCGCTCCCTGGTATTCCGGGGAGCACGCCTGTTCGAGTGTCGTGAAATTCTCAAACCGGGATGCTTTTTTTGTTTCTCGGCTTGGTGTTGGGCTTTGCAGTTCCTTTGATTGGGATGGCTGGCCTTAAAAGCATTAGCTGGCTTTTCATGTGGCATTGGTTCTACTCAGCGTGATAATGATCTGACCGCCGAGGACATCTTTCGAGGTGGCCAATTCTCATTTGGGCTGCTTCTAATTTTGGTAGAGCAGATTCTGAATCTNGTTCCACTTTTCAGCTTTTGACCTCGAATCAGGTGNNNACTACCCNGCTGAACTTA
k__Fungi,p__Basidiomycota,c__Agaricomycetes,o__Thelephorales,f__Thelephoraceae,g__Tomentella,NA,GGACATTACTGAATTGNNGACATGAGCTGTTGCTGGTCCTCAAATGGGGGCATGTGCACGCTCTGTTTACACATCCACTCACACCTGTGCACCCCTGTAGTTCTGTGGTTTGGGAGGCCTTGTCTTCCTTCCGTAGTCCTACGTCTTTACACACACACATTGATGAAGTCTTGTGGAATGTATGCAGCGTTTAACGCAATACAATACAACTTTCAGCAACGGATCTCTTGGCTCTCGCATCGATGAAGAACGCAGCGAAATGCGATAAGTAATGTGAATTGCAGAATTCAGTGAATCATCGAATCTTTGAACGCACCTTGCGCCCTTTGGCTATTCTGAAGGGCATGCCTGTTTGAGTATCATGAACACCTCAACTCTCATGGTTTTCCGTGACGAGCTTGGACTCTGGGGGTTTGTTGGCCTATGGTTAACTCCTCTCAAATGAATCAGCTTGCCGGTGTTTGGTGNCA
k__Fungi,p__Ascomycota,c__Pezizomycetes,o__Pezizales,f__Pezizaceae,g__Peziza,s__infossa,GTCATTATTGATAGTTTTTATTATCAAAAACCCCTTTGTCTATCATTTACCATGTTGCTTCCATTGGACAGACCGGCATTGTGTATACAAGTTGGTCCTCTAGTTTTGTGTTTCTTTGGGCACTAGCTAGGGAGCTGCCAGTGGATAGAATCCAAATAGAAAAATTCGTGAAGAAATATATTGTCTGAATTATTAGTACAAAACAAATAAAACTTTCAACAACGGATCTCTAGGCTCTTGCATCGATGAAGAACGCAGTGAAATGCGATAAGTAATGTGAATTGCAGAATCTCGTGAATCATCGAATCTTTGAACGCACATTGCGCCCTATGGAATTCTGTAGGGCATGCCTGTCTGAGCGTCAGCAGCAAAAAAAATCAAGATCTTTGTAGGTAAAGATTTGGATTTAGTTAAGAGATGTAATCTGTGAAGAACCGGTTACTCTTTTGAAATTTAAAGGCAGTATTGATCAATCCAACTGTAAACGTGATAAAAACATTTCGTTTTTATTGTTAGGAATGAGCTTTTTGCTTGCCTATAAACCCACTCATCTTCATGGTGGACCTCAGATCAGGTAGGGATACCCGCTGAACTTA
k__Fungi,p__Ascomycota,c__Pezizomycetes,o__Pezizales,f__Helvellaceae,g__Helvella,s__latispora,AGCCCGACTCAMAACTGAGCCCCCGCGACTGGGAGGGGCCATTGACCTAGGGGCAAGAGGAGGTAAGAGCTCGCTCTGACGTGCGAAGCGAATGCCCAGCGTTACGACAGCCACTCTATCTGAGCCCGTCTCTCTACCGGCGGGTTTAAACGCTCGTTCCGAAAAACCCACTCTCTGCGTACACATTCCCTGTTGCTTCCCCGGGGAGGCCCCCGGGGGAGGTCCCCGAGCAAACCACGCCGTCCAACCCACCAGCTGCCCCTCCGTCTGACGGCCAGCGCGCCAAGGAAGTGAGAACGAGCGAGGAAACGAAACAAAAAACTTTCAACAACGGATCTCTTGGTTCCCGCATCGATGAAGAACGCAGCGAAATGCGATAAGTAATGTGAATTGCAGAATTCAGTGAATCATCGAATCTTTGAACGCACATTGCGCCCCCTGGCATTCCGG
k__Fungi,p__Basidiomycota,c__Agaricomycetes,o__Agaricales,f__Inocybaceae,g__Inocybe,s__glabripes,TCATTATTGAATAAACTTGAACAGGCTGTTGCTGGCCCTCCCTTGGAGGGTNACGTGCACGCTTGTCCTCTTTATTTCTCCAACTGTGCACATATTTGTAGACCTGATGATTTATTTGATTTATTTTCGAGTTGGGGACTGCTGTGCTTTCTCAAAGTCAGCTTTCCCTTGTATTTTTCAGGTCTATGTCATTTATCACAAACCTCTGAGTCTGTTTAGAATGKTGAATCAGGTCATTTTGTACCTATAAAGTTAAATATACAACTTTCAGCAACGGATCTCTTGGCTCTCGCATCGATGAAGAACGCAGCGAAATGCGATAAGTAATGTGAATTGCAGAATTCAGTGAATCATCGAATCTTTGAACGCATCTTGCGCTCCTTGNTATTCCGAGGAGCATGCCTGTTTGAGTGTCATCTAAATTCTCAAACCACATTGATTCTTTCCGTGTGGCTTGGAAGTGNNGGTAGTGTTTTTGCA
k__Fungi,p__Basidiomycota,c__Agaricomycetes,o__Agaricales,f__Hydnangiaceae,g__Laccaria,NA,GTCATCTTTATCTCTCCACCTGTGCACATTTTGTAGTCTTGGATACCTGGATCGCTGTGCTGTACAAGTCGGCTTTCTTTTCATTTCCAAGACTATGTTTTTATATACACCAAAGTATGTTTAAAGAATGTCATCAATAGGAAATTGTTTCCTATAAAATTATACAACTTTCAGCAACGGATCTCTTGGCTCTCGCATCGATGAAGAACGCAGCGAAATGCGATAAGTAATGTGAATTGCAGAATTCAGTGAATCATCGAATCTTTGAACGCACCTTGCGCTCCTTGGTATTCCGAGGAGCATGCCTGTTTGAGTGTCATTAAATTCTCAACCTTCCAGCTTTTTATTAGCTTGGTTAGGCTTGGATGTGGGGGTTGCGGGCTTCATTAATGAGGTCGGCTCTCCTTAAATGCAT
k__Fungi,p__Basidiomycota,c__Agaricomycetes,o__Russulales,f__Russulaceae,g__Russula,s__badia,GANATTATCATACAACCGAGGTGTAAGGGCTGTCGCTGACCTTCCAAAGGTTGTGCACGCTCAAGCACTCTCACACATCCATCTCACCCCCCTTGTGCATCTCCGCGTGTGCCCTCCTTATGCAAAGAGCTYTTGYGTCTTCACATAAAACTTGATACAGTGTAGAATGTTATTCTTTTCTTTTTTGCGGKCACACGCAATCAATACAACTTTCAACAACGGATCTCTTGGCTCTCGCATCGATGAAGAACGCAGCGAAATGCGATACGTAATGTGAATTGCAGAATTCAGTGAATCATCGAATCTTTGAACGCACCTTGCACCCCTTGGCATTCCGAGGGGTACACCCGTTTGAGTGTCGTGAAATCATCAAAAAAACCTTTTTTCTTTTGATCTTTTCTTGGTCAGGAAAAGGATTTTTGGACTTGGAGGTTTCATGCTTGCTTTCNAANGTGAAAGTGAACTCCTCTCAAATAAAATA
k__Fungi,p__Ascomycota,c__Leotiomycetes,o__Helotiales,f__Helotiales_fam_Incertae_sedis,g__Chalara,s__holubovae,CATTACAGAGAACATCGCTCTCRYGGGTGACTCTCCAACCCTATGTTATTAAACCTTTTGTTGCTTTGGCGAGCCGCTTCGGCCACCGGCTCTTGCTGGTGCGCGCTCGCCAAAGAACCACAAACTCTGTTTATTAGTGTCGTCTGAGTACTAATATAATAGTTAAAACTTTCAACAACGGATCTCTTGGTTCTGGCATCGATGAAGAACGCAGCGAAATGCGATAAGTAATGTGAATTGCAGAATTCAGTGAATCATCGAATCTTTGAACGCACATTGCGCCCCGTGGTATTCCGCGGGCATGCCTGTTCGAGCGTCAGTACAACACTCAAGCTCTGCTTGNTATTGGACCGCATCAGTTCTGATCGGTCTTAAAATYAGTGGCGGTGCCATCGTGCTCTAAGCGTAGTAATACTCCTCGCTACAGGGTCTCGGTGCGTGCTTGCCAGCAACCCCCAACTTTCTAAGTTTGACCTCGGATCAGGTAGGGATACCCGCTGAACTTAAGCATAT
k__Fungi,p__Basidiomycota,c__Agaricomycetes,o__Thelephorales,f__Thelephoraceae,g__Tomentella,s__galzinii,GGNNGWCATTACCGAACTGTCGACAYGAGYTGTTGCTGGCCCTCGAAAGGGGGCATGTGCACGCTCTGTTTACACATCCACTCACACCTGTGCACCCTCTGTAGTTCTATGGCCTTGGGGACCCCGTCCCCTTGCTGTGGTCCTACGTCTTTACACACACACCGTAAYAAAGTCTCATGGAATGTATGTCGCGTTTAACGCAATACAATACAACTTTCAGCAACGGATCTCTTGGCTCTCGCATCGATGAAGAACGCAGCGAAATGCGATAAGTAATGTGAATTGCAGAATTCAGTGAATCATCGAATCTTTGAACGCACCTTGCGCCCTTTGGCTATTCCGAAGGGCATGCCTGTTTGAGTATCATGAACACCTCAACTCTCATGGTCTGCCATGATGAGCTTGGACTTTGGGGGTCTTGCCGGCCTAGTGTCGGCTCCTCTCAAATGNGATCAGCTTGCCAGTGTTTGGTGGCRTCACAGGTGTGATAACTATCTACGCTTGTGGTTTCTCCWGCCATGTAACCTTCAGCGATGGGAGGTTCGCTGGGAGCTCACAGATGTCTTNTCCTTGGGGGAGGGACAGCTTTCTTTGAACGTCTGATCTCCAATCAGGTAGGACTACCCGCTGNANCTT
k__Fungi,p__Kickxellomycota,c__Kickxellomycetes,o__Kickxellales,f__Kickxellaceae,g__Spiromyces,s__aspiralis,AATGACCTAGGTCATTTAGAGGAAGTAATTACTTCCTCTAAATGACCTAGGTCATTTAGAGGAAGTAATTACTTCCTCTAAATGACCTAGGTCATTTAGAGGAAGTAATTACTTCCTCTAAATGACCTAGGTCATTTAGAGGAAGTAATTACTTCCTCTAAATGACCTAGGTCATTTAGAGGAAGTAATTACTTCCTCTAAATGACYWAGGTCATTTAGAGGAAGTAATT
k__Fungi,p__Basidiomycota,c__Agaricomycetes,o__Russulales,f__Russulaceae,g__Russula,s__brevipes,TCGTGCACGCCCGAGTGCTCTCACATACACATATCCATCTCACCCCTTTGTGCATCACCGCGTGGGTCCCCTTCCTCGGAGGGGGTGCTCACGTTTTTAACATTAAACACCCCATTCGAACGTATCGTAGAATGTTCTTTGCGCGATCACGCGCGATCAATACAACTTTCAACAACGGATCTCTTGGCTCTCGCATCGATGAAGAACGCAGCGAAATGCGATACGTAATGTGAATTGCAGAATTCAGTGAATCATCGAATCTTTGAACGCACCTTGCGCCCCTTGGCATTCCGAGGGGCACACCCGTTTGAGTGTCGTGAACATCCTCAACCTGCTTCGTTTTACCGAACCAAGTAGGCTTGGAATTTGGAGGTTTTCTGCTGGCTTCCTCCGAAGCCAGCTCCTCTTAAATCTATCAGTGGGATCCGCTTTGCTAGATCCTCGACG
k__Fungi,p__Basidiomycota,c__Agaricomycetes,o__Agaricales,f__Inocybaceae,g__Inocybe,s__mixtilis,CTGTTGCTCTCCTATGGTGCACGCCTGTCATATTTATCCCTCCAACTGTGCACACTTTGTAGACCTGGTGTTTTGGGAATTGCTTACAGTAGTTGGCTTTGCCCTTTGCTTCTCGCCAGTCTATGTTATTTTATCACAACCTCTGAATGTTTTGAACTTTATGATGGAAATTATATACAACTTTCAGCAACGGATCTCTTGGCTCTCGCATCGATGAAGAACGCAGCGAAATGCGATAAGTAATGTGAATTGCAGAATTCAGTGAATCATCGAATCTTTGAACGCATCTTGCGCTTCTTGGTATTCCAAGGAGCATGCCTGTTTGAGTGTCATTAAAGTTCTCAAAACTACATGTTTGTTCGTGTGGAATTTTGGATATGGGGGTTGCAGGCTTTTCAAGTCGGCTCCTCTGAAATGTATCAGTGGTATCTGTGTGGAACTACAGGTG
k__Fungi,p__Basidiomycota,c__Agaricomycetes,o__Russulales,f__Russulaceae,g__Russula,s__cessans,GCGGAGGTCATTATCGTTNAACCGAGGCGCGACGGCTGTCGCTGACCTTCCCCGGTCGTGCACGCCCGAGCCCCTCTCACAATCCATCTCACCCTTTGTGCATCACCGCGTGGGTCCTCCTTTGCCGGAGGGTCCGCGTCTTTACACAAAACTCGATACAGTGTAGAATGTTTATTTTCGCGCTCGCACGCGATCAATAATACAACTTTCAACAACGGATCTCTTGGCTCTCGCATCGATGAAGAACGCAGCGAAATGCGATACGTAATGTGAATTGCAGAATTCAGTGAATCATCGAATCTTTGAACGCACCTTGCGCCCCTTGGCATTCCGAGGGGCACACCCGTTTGAGTGTCGTGAAATCTTCAAAAACCCTCTCTTTTGAGGATTTTTGGACTTGGAGGTTCAATGCTCGCTTTCGCCTTTTAGAAAGCGAGCTCCTCTCAAATGAATCAGTGGGGTCTGCTTTGCCGGTCCTTGACGTGATAAGATCTTTCTACGTTTTGRWTTCGACATCGTCCCGCTCCCAATCGTCCCACGGACAAAAGGATGGTGCTCCGGTCGCGGTCGGGACCCACCAAAAAAAACCTTGACCTCAAATCGGGTGAGACTACCCGCTGAACTT
k__Fungi,p__Basidiomycota,c__Agaricomycetes,o__Thelephorales,f__Thelephoraceae,NA,NA,TCGCGGAGGATCATTACCGAATTGTCAACACGGGTTGTTGCTGGTCTCCAAACTGGGGGCACGTGCACACTCTGTTTACACATCCACCCACACCTGTGCACCCTCTGTAGTTCTATGGCCTGGGTGACTTTGTCCCCTTGTTGTGGTTCTACATCTTTACACACACACTACCGCAAAGTCTCATGGAATGTTGCCGCGTTTAACGCAATACAATACAACTTTCAGCAACGGATCTCTTGGCTCTCGCATCGATGAAGAACGCAGCGAAATGCGATAAGTAATGTGAATTGCAGAATTCAGTGAATCATCGAATCTTTGAACGCACCTTGCGCCCTTTGGCTATTCTGAAGGGCATGCCTGTTTGAGTATCATGAACACCTCAACTCCTCATGGCTTGCCATGATGAGCTTGGACTTTGGGGGTCTTGCTGGCCTACGGTTGGCTCCTCTCAAATGGATCAGCTTGCCAGTGTTTGGTGGCATCACAGGTGTGATAAAATATCTACGCTTGTGGCTTTCCACCCATGTAACCTTTTAGCAANTAAAAGGTTCACTGCAGCTCACAAAACGTGTCCCCTCCCTCTGCGAGGACAGCTTTTTGGAACGTTTGATCTCAAATCANGTAGGATTACCNGCTGAAC
k__Fungi,p__Basidiomycota,c__Agaricomycetes,o__Russulales,f__Russulaceae,g__Russula,NA,TTTTGAAAGGGTCGTGCACACCTCGGTGCTCTCGCACATAAATCCATCTCACCCCTTTTGTGCATCACCGCGTGAGGACCCCTTTTGGCTAGTTCTGAGGGGGGTTTTCACGTTTTTACACAGACACATGCAATGCGTAGAATGTCTTACTTTTTTGCGATCACACGCAATCAATACAACTTTCAACAACGGATCTCTTGGCTCTCGCATCGATGAAGAACGCAGCGAAATGCGATACGTAATGTGAATTGCAGAATTCAGTGAATCATCGAATCTTTGAACGCACCTTGCGCCCTTTGGTATTCCGAGGGGCACACCCGTTTGAGTGTCGTGACATTCTCAAAACCTTCTCGGTTTCTTGACCGGGAAGGCTTTGGACTTTGGAGGCTTTTGCTGGCATTCCTTTGTTGGA
k__Fungi,p__Ascomycota,c__Dothideomycetes,o__Mytilinidales,f__Gloniaceae,g__Pseudocenococcum,s__floridanum,CGACTTTAAACAATTCTAGGATCGCTATGCAAGTCGGCCCACGCACGTGGTGCCGGCGACACTTTCGAATTGACGGGGATACCCTAAAGCCTGTCGCACCAACTCTGTGTGTGAAACCGCTGGAGGGCCCGTGCTAACTACACGGGGTGGTAACAGACGACATGGATATCTCCNCGCCTTTTTTGGTGTGGATACCATGGGCAATCCGCAGCGAAGCCTCTAAGTCCGKNCGTCGGATACGAGKAACGTTCACAGACTAAGNGNAARTGGNTGKNGCGTTCGCCGCTCTGCTTAAGATATAGTCGSTCCCCTTGGNAAACTAAGSGNTGAGTACACTGCTCGARATTTAAACTKGAGCGCGTCTCGGATGNCGCTCATGTTAGAATTTTGAGACTGTCGATTGCCTCGCGGTTTGACAGCTCTTAAAACGTTCCGTAGGTGAACCTGCGGNAGGATCATTACAGAAAGTAAACGCGGATCAAACCGCGAACTTCTAAACCTTTGACGATTGACTCATGTTGCCTCGGCGGGTTCTCCCGCCAGAGGATGCATCAAAACTCCTGTTTTAACGAGTGTTGTCTGAGCTACAAGCAACGAATCAAAACTTTCAACAACGGATCTCTTGGTTCTGGCATCGATGAAGAACGCAGCGAAATGCGATAAGTAGTGTGAATTGCAGAATTCAGTGAATCATCGAATCTTTGAACGCACATTGCGCCCCTTGGTATCCCGAGGGGCATGCCTGTTCGAGCGTCATTTCACCACTCAAGCCTGGCTTGGTGTTGGGCGACGTCCCCTTTGGGGACGCGCCTCGAAACGCTCGGCGGCGTGGCACCGGCTTTAAGCGTAGCAGAATCTTTCGCTTTAAAAGTCGGGGCCCCGTCTGCCGGAAGACCTACTCGCAAGGTTGACCTCGGATCAGGCAGGGATACCCGCTGAACTTAAGCWTDNN
k__Fungi,p__Basidiomycota,c__Agaricomycetes,o__Russulales,f__Russulaceae,g__Russula,s__sororia,TCNTTATCGTACAATGGAGGTGCTGGGGTTGTCGCTGACCTTTGAAAGGGTCGTGCACGCCTCGGTGCTTTCACACATAATCCATCTCACCCCTTTTGTGCATCACCGCGTGGGGGTCCCTTTTAGCTAGTTCTGAAGGGGGCTTTCATGTTTTTACAAACACACCCTTTTAATGCAATATGTAGAATGTCTTACTTTTTGCGATCACACGCAATCAATACAACTTTCAACAACGGATCTCTTGGCTCTCGCATCGATGAAGAACGCAGCGAAATGCGATACGTAATGTGAATTGCAGAATTCAGTGAATCATCGAATCTTTGAACGCACCTTGCGCCCTTTGGCATTCCGAAGGGCACACCCGTTTGAGTGTCGTGACATCCTCAAACCTTCTTGGTTTCTTGACTGAGAAGGCTTTGGACTTTGGAGGCTTTTGCTGGACCTTCCCTTGTTGAAGCCAGCTCCTCTTAAATGAATTAGTGGGGTCTGCTTTGCTTATCCTTGACGTGATAAGATGCTTCTACGTCTTGGGTTTTGCACTGNTTGCTCTAGATCCTGCTTCTAACCGTCTCATAGAAGACAAATGGTCGACTTTGACCCACAAACCTTGACCTCAAATCGGGTGAGACTACCCGCTGAACTTAAGNN
k__Fungi,p__Basidiomycota,c__Agaricomycetes,o__Agaricales,f__Inocybaceae,g__Inocybe,s__mixtilis,CGGNAGGACATTATAGAATAAACTTGAATGGGCTGTTGCTCTCTTATGGTGCACGCCTGTCATATTTATCTCTCCTACTGTGCACATTTTGTAGACCTGGTGTTTGGGAATTGCCACGGTTTGGCTTTGCCCTTTGGGTCTATGTTACTTTATCACAACCTCTGAATGTTTTGAACTTTATAATGGAAATTTATACAACTTTCAGCAACGGATCTCTTGGCTCTCGCATCGATGAAGAACGCAGCGAAATGCGATAAGTAATGTGAATTGCAGAATTCAGTGAATCATCGAATCTTTGAACGCATCTTGCGCTTCTTGGTATTCCAAGGAGCATGCCTGTTTGAGTGTCATTAAAGTTCTCAAAACCCACATGGTGGAATTTTGGATATGGGGGCTGCAGGCTTCTAGAAGTCGGCTCTCCTGAAATGTATCAGTGGTATCTGTGGAGTTCTACTGCGTGATAAATAAAATCTATGCCTTGTCTCTCACTGTGCTGCTTCTGACGAGNTGGATTNGACAAAWTTGACCTCAAANTNCAGGTANGACTANCCGCTGAAYTW
k__Fungi,p__Basidiomycota,c__Agaricomycetes,o__Russulales,f__Russulaceae,g__Russula,s__katarinae,TGCGGAGGTCATTATCGTACAACTGAGGCGCAAAGGCTGTCGCTGACCCTCAAGGGTTGTGCACGCCCGAGTGCTCTCACACAATCCATCTCACCTTTGTGCATCACCGCGTGGGTCCCCTTTGCAGGAGGGCTCACGTTTTCACATAAAACTCGATACAGTGTAGAATGTTTCTTTTGCGGTCACACGCAATCAATACAACTTTCAACAACGGATCTCTTGGCTCTCGCATCGATGAAGAACGCAGCGAAATGCGATACGTAATGTGAATTGCAGAATTCAGTGAATCATCGAATCTTTGAACGCACCTTGCGCCCCTTGGCATTCCGAGGGGCACACCCGTTTGAGTGTCGTGAAATCTTCAAAACCCTTTTTTCTTTGAACCATTGCGGTCGGGAAAAGGATTTTTGGACTTGGAGGCTTAATGCTTGCCCTTTCTTTTTGAAAGCGAGCTCCTCTCAAATGAATTAGTGGGGTCCGCTTTGCTGATCCTTGACGTGATAAAATGTTTCTACGTTTTGGGTTTAGCACTGTCCCTTGGATGCCTGCTGCTAACCGTCTCATCGACAATGATGGNTGCTCCGGTCACTGCCGTCTACGTCGGCNGGGNAGGCTGGACCCNACAAAAAGGAAACCTTGACCTCAAATCGGGTGAGACTACCCGCTGAACTTA
k__Fungi,p__Basidiomycota,c__Agaricomycetes,o__Thelephorales,f__Thelephoraceae,g__Tomentella,s__galzinii,NTTACCGAACYGTCGACAMGAGTTGTCGCCGGCCCTCGAAAGGGGCACGTGCACGCTCTGTTTACACATCCACTCACACCTGTGCACCCTCTGTAGTTCTATGGCCTTGGGGACTCTGTCCCCTCGCCGTGGTCCTACGTCTTTACACACACACACCGTAACGAAGTCTCATGGAATGCATGTCGCGTTTAACGCAATACAATACAACTTTCAGCAACGGATCTCTTGGCTCTCGCATCGATGAAGAACGCAGCGAAATGCGATAAGTAATGTGAATTGCAGAATTCAGTGAATCATCGAATCTTTGAACGCACCTTGCGCCCTTCGGCTATTCCGAAGGGCATGCCTGTTTGAGTATCATGAACACCTCAACTCTCATGGTCCGCCATGACGAGCTTGGACTTTGGGGGTCTTGCCGGCCTAGTGTCGGCTCCTCTCAAACGGATCAGCTTGCCAGTGTTTGGTGGCGTCACGGGTGTGATAACTATCTACGCTTGTGGTTTCCGCCATGTAACCTTCAGCGATGGAGGTTCGCTGGAGCTCACAGATGTCYCTCCTCAGCGAGGACRGCTTTTNGAACGTTTGATCTCAAATCAGGTAGGACTACCCGCTGAACTTA
k__Fungi,p__Basidiomycota,c__Agaricomycetes,o__Atheliales,f__Pilodermataceae,g__Piloderma,NA,TCATTATTGAAATTATAGGTGACGGTTGTAGCTGGCCTTTCGGGGCATGTGCACGCCCGAGCCCTTAATCCACACACACCTGTGAACCCAATGTAAGGGCCCGTAAAAAAGGCCTTTATGTCTCATCACCAACCCTTTATGTCTCATAGAATGTAAATCTATATCCTCGCCTTAAAAAAGCGTTGATAAAACTTATACCACTTTCAACAACGGATCTCTTGGCTCTCGCATCGATGAAGAACGCAGCGAAATGCGATAAGTAATGTGAATTGCAGATTTTCAGTGAATCATCGAATCTTTGAACGCACCTTGCGCTCCTTGGTATTCCGAGGAGCATGCCTGTTTGAGTGTCATTAAATTCTCAACTCCGAATCGATTTGTTTCGACCTCGGAGCTTGGACTTTGGAGTGTGCTGNCGTCTGTCGGCTCCTCTTAAATGCATCAGCGGAATATAACCCCGGACATCAGTGTGATAA
k__Fungi,p__Ascomycota,c__Dothideomycetes,o__Mytilinidales,f__Gloniaceae,g__Pseudocenococcum,s__floridanum,GCAGAGATGATTCCTTCCGCAGTGTACACTTGTAGAAGCCTTTGCAGCCACGCAAGTGGTAGATCTAGKCGACTTTAAACAATTCTAGGATCGCTATGCAAGTCGGCCCACGCATGTGGTGCCGGCGACACTTTCGAATTGACGGGGATACCCTAAAGCCTGTCGCACCAACTCCGCGTGGRAAACCGCTGGAGGGCCCGTGCTAACTACACGGGGTGGTAACAGACGACACGGATACCTCCACGCCTTTTTTGGTGTGGATACCATGGACAATCCGCAGCGAAGCCTCTAAGTCCGGCCACCGGATACGAGGAACGTTCACAGACTAAGTGGAAGTGGGTGGAGCGTTYGCCGCTCTGCTTAAGATATASTCGGTCCCCTTRGGAAACCAAGGGGGTGAGTACACTGCTTGAAATTTAAACACGAACGTGCGTAATTATAATCCACGGCGCTCATGTTAGAATTTCGAGANCTGTCAATTGCTTNCGCGGTTTGACAGCTCTTAAAACGTTCCGTAGGTGAACCTNGCGGAAGGRTCATTACAGAAAGTAAACGCGGGTCAAACCGCGAACTTTTAAACCTTTGACGATTGACTCATGTTGCCTCGGCGGGTTCTCCCGCCAGAGGATACATCAAAACTCCTGTTTTAACGGTGTTGTCTGAGCTACAAGCAACGAATCAAAACTTTCAACAACGGATCTCTTGGTTCTGGCATCGATGAAGAACGCAGCGAAATGCGATAAGTAGTGTGAATTGCAGAATTCAGTGAATCATCGAATCTTTGAACGCACATTGCGCCCCTTGGTATCCCGAGGGGCATGCCTGTTCGAGCGTCATTTCACCACTCAAGCCTGGCTTGGTGTTGGGCGACGTCCCCTTTAGGGACGCGCCTCGAAACGCTCGGCGGCGTGGCACCGGCTTTAAGCGTAGCAGAATCTTTCGCTTTGAAAGTCGGGGCCCCGTCTGCCGGAAGACCTACTCGCAAGGTTGACCTCGGATCAGGCAGGGATACCCGCTGAACTTAAG
k__Fungi,p__Basidiomycota,c__Agaricomycetes,o__Thelephorales,f__Thelephoraceae,g__Tomentella,s__galzinii,TTACCGAACCGTCGACACGAGCCGTTGCTGGCCCTCGAAAGGGGACATGTGCACGCTCTGTCTACACATCCACTCACACCTGTGCACCCTCTGTAGTTCCATGGCCTCGGGGACCCCGTCCCCTTGCTGCGGTCCTACGCATTTACACACACACATTGACAAAGTCTCATGGAATGCAGTCGCGTTTAACGCAATACAATACAACTTTCAGCAACGGATCTCTTGGCTCTCGCATCGATGAAGAACGCAGCGAAATGCGATAAGTAATGTGAATTGCAGAATTCAGTGAATCATCGAATCTTTGAACGCACCTTGCGCCCTTTGGCTATTCTGAAGGGCATGCCTGTTTGAGTATCATGAACACCTCAACTCTCGTGGTCCGCCACGATGAGCTTGGACTTTGGGGGCCTTGCCGGCCTAGCGTCGGCTCCTCTCAAACGGATCAGCTTGCCAGTGTTTGGTGGCG
k__Fungi,p__Basidiomycota,c__Agaricomycetes,o__Thelephorales,f__Thelephoraceae,g__Tomentella,s__bryophila,CATTACCGAATTGTCAACACGAGTTGTTGCTGGTCCTCAAATGGGGACATGTGCACGCTCTGTTTGCACATCCACTCACACCTGTGCACCCTCTGTAGTTCTGCAGCCTGGGGGGCTCTGTCCCCCTGCCGTGGTTCTATGTATTTACACACACACACACGTTGTAATAAAGTCTCATGGAATGTATACCGCGCTTAACGCAATACAATACAACTTTCAGCAACGGATCTCTTGGCTCTCGCATCGATGAAGAACGCAGCGAAATGCGATAAGTAATGTGAATTGCAGAATTCAGTGAATCATCGAATCTTTGAACGCACCTTGCGCCCTTTGGTTATTCCGAAGGGCATGCCTGTTTGAGTATCATGAACACCTCAACTCTCATGGCTTGCCATGATGAGCTTGGACTTTGGGGGTCTTGCTGGCCTGGGGTCAGCTCCTCTCAAATGAATTAGCTTGCCAGTGTTTGG
k__Fungi,p__Basidiomycota,c__Agaricomycetes,o__Thelephorales,f__Thelephoraceae,NA,NA,TCATTACCGAGTCGTCGACATGGGTTGTTGCTGGTCCTCAAATGGGGGCATGTGCACGCTCTGTTCACACATCCACTCACACCTGTGCACCCTCTGTAGTTCTGCGGTTTGGGGGATGCGTCGCATCCCTCCTGTGGTTCTATGTCTTTACACACACACACGCTGTAGCGAAGTCTTATGGAATGTGCGCCGCGTTTAACGCAATACAATATAACTTTCAGCAACGGATCTCTTGGCTCTCGCATCGATGAAGAACGCAGCGAAATGCGATAAGTAATGTGAATTGCAGAATTCAGTGAATCATCGAATCTTTGAACGCACCTTGCGCCCCTTGKCTATTCCGAGGGGCATGCCTGTTWGAGTATCATGAACACCTCAACTCTCACGGTCCGCCGNTGATGAGCTTKGACTTTGGGGGTTTTGCTGGCCCTGTGGTTGGCTCCTCTCAAACAGATCAGCTTGCCAGTGTTTCGGTGGCATCRCAGGTGTGATAACTATCTACGCTTGTGGTCGTCTGCTGGGTAACCTCCATCCCTGGNGGTTCGCTGG
k__Fungi,p__Basidiomycota,c__Agaricomycetes,o__Sebacinales,f__Sebacinaceae,g__Sebacina,NA,ACCTTCTGTGCTGGCTCCGGCATGTGCACGTTGGTGACTTTCATGCAATACCCTTTTGTGAACCTTTGGCCTCATGCTGGCTTTGGCTGGCAGAGGATTTTACACAAACTTGAATGTAACAGAAAGAACTTGTTGTGCGCAAGCACGAATGTACAACTTTCAACAACGGATCTCTTGGCTCTCGCATCGATGAAGAACGCAGCGAAATGCGATAAGTAATGTGAATTGCAGAATTCAGTGAATCATCGAATCTTTGAACGCACCTTGCACCCATTGGTATTCCAAAGGGTATGCTCGTTTGAGTGTCATTGTACTCTCACACTCCAATCTTGGAGAAGTGGACTTGGGTGTTGCTGCTTTGCTGTGGCTCATCTTAAATATGCTAGTGCAACTCATGGTTGGATATAGTACAGCGTGATAAGTATCTTCGCTGGCGCCTCCTAAAGA
k__Fungi,p__Basidiomycota,c__Agaricomycetes,o__Agaricales,f__Hymenogastraceae,g__Hebeloma,NA,CATTATTGAATGAACTTGGTGTGGTTGTTGCTGGCTCTTTCGAGGGCATGTGCACGCCCACCATCCTCATCTCTCCACCTGTGCACCTCTTGTAGACTTGGATTGACTTTCCGAGGCAACTCGGTCGGGAGGATTGCCGGCGCCAGCTGGCTTTCTTTGCATTTCCAGGTCTACGTTTTTCATATACCCCATTGTATGTAACAGAATGTAAYATTGGGCACTTGTGCCTATAAACYTTATACAACTTTCAGCAACGGATCTCTTGGCTCTCGCATCGATGAAGAACGCAGCGAAATGCGATAAGTAATGTGAATTGCAGAATTCAGTGAATCATCGAATCTTTGAACGCACCTTGCGCTNCCTTGGT
k__Fungi,p__Basidiomycota,c__Agaricomycetes,o__Russulales,f__Russulaceae,g__Russula,s__nauseosa,CGGAAGGTCATTATCGTAACAACGGAGGCGCCGGGGCTGTCGCTGACCTTCAGGGGTCGTGCACGCCCGAGCCCTCTCACAATCCATCTCACCCTTTGTGCATCGCCGCGTGGGTCCCCCCTTGCGGGAGGGCTCACGTCTTTTACATAAAACTCGATACAGTGTAGAATGTTTATTTTTGCGGTCACACGCGATCAATACAACTTTCAACAACGGATCTCTTGGCTCTCGCATCGATGAAGAACGCAGCGAAATGCGATACGTAATGTGAATTGCAGAATTCAGTGAATCATCGAATCTTTGAACGCACCTTGCGCCCCTTGGCATTCCGAGGGGCACACCCGTTTGAGTGTCGTGAAATCTTCAAAACCCTCTTCTTTGAGGTTTTTTGGACTTGGAGGTTCCATGCTCGCTTTCGCCTTTTGAAAGCGAGCTCCTCTCAAATGAATCAGTGGGGTCTGCTTTGCTGGTCCTTGACGTGATAAGATGTTTCTACGTTTTGGATTTGGCATCGTCCCGCTCCCAACCNGTCCCNACGGACGAACGATGGTGCTCCGGNTCGTCYCGGCGGACCCCACACGACAAAAAAACCCTGGACCTCAAAATCGGGTGAGACTACCCGCTGAACTAA
k__Fungi,p__Basidiomycota,c__Agaricomycetes,o__Sebacinales,f__Sebacinaceae,g__Sebacina,NA,CCGGCAAGTGCACGTTGGTGACTTTCATCCAATACCCCTGTGAACTTCTGGCCTCTTGCTAGCTTCGGCTGGCAGAGGATTTTTACACACACTCGAATGTAATGAAACCTATTGTTGTGCGCAAGCACTAATGTACAACTTTCAACAACGGATCTCTTGGCTCTCGCATCGATGAAGAACGCAGCGAAATGCGATAAGTAATGTGAATTGCAGAATTCAGTGAATCATCGAATCTTTGAACGCACCTTGCACCCTTTGGCATTCCGAAGGGTATGCTCGTTTGAGTGTCATTGTACTCTCACGCTCTCCAATCCTCTGGATCGGGGGAGTGGTGGACTTGGGCGTCTGCTGCTTGACTGTGGCTCGCCTTAAATGGATTAGTGCAACTCTTGGTTGGACATAGTACGGCGTGATAAGTGTCTTCGCCGGCACCTCGGAAGAGGG
k__Fungi,p__Basidiomycota,c__Agaricomycetes,o__Boletales,f__Rhizopogonaceae,g__Rhizopogon,s__vinicolor,GCGGAAGGWCATTAACGAATATAAATCGGAAAGCTGTCGCTGGCCTCTCGGGGCATGTGCACGCTGACCGTGTTTCAAAAATTTCNAATTTCTCACCTGTGAACCTAATGTAGGATGCCTCTCCTCTGGGAGAGGGGACCTATGTCTTCATATACATCTTCGTGTAGAAAGTCTTAGAATGTTTACTATCAGAGAGTCGCGACTTCTAGGAGACGCGAAACTCTGAGATAAAAGTTATTACAACTTTCAGCAATGGATCTCTTGGCTCTCGCATCGATGAAGAACGCAGCGAAAAGCGATATGTAATGTGAATTGCAGATCTACAGTGAATCATCGAATCTTTGAACGCACCTTGCGCTCCTCGGTGTTCCGAGGAGCATGCCTGTTTGAGTGTCAGTAAATTCTCAACCCTTCTTGATTGAGGGAGTTTGGATAGTGGGGGTTGCTGGAGACTTTTATTAGACTCGAGCTCTCCTGAAATGCATCGGCTTGCGGTCGACTTTCGACTTTGCGCGACAANGGCTTTCGGCGTGATAATGATCGCCGTTCGCTGAAGCGCATGACTNGAAGGTTTCGCGCCTCTAATACGTCGACTCTTATTATCTCTTCGGAGAGAAAAGGTCTTCTTTTATTGACTTTTGACNTNCNAATCAGGTAGNAC
k__Fungi,p__Basidiomycota,c__Agaricomycetes,o__Russulales,f__Russulaceae,g__Russula,s__murrillii,NGGWCATTATCGTAACAATGGGGGTGCAAGGGCTGTCGCTGACCTTCAAAGGTTGTGCACGCCTGAGTGCCCTCACACATCCATCTCACCCCTTTGTGCATCACCGCGTGGGTCTCCTTTTTGCAAAAGGAGCTCACGTTTTCACACCAAACTTGATACAGTGTAGAATGTTTATCTTTGCGGTCACACGCAATCAATACAACTTTCAACAACGGATCTCTTGGCTCTCGCATCGATGAAGAACGCAGCGAAATGCGATACGTAATGTGAATTGCAGAATTCAGTGAATCATCGAATCTTTGAACGCACCTTGCGCCCCTTGGCATTCCGAGGGGCACACCCGTTTGAGTGTCGTGAAATCCTCAAAAATCCTTTTTGGGCTTACTGAAAAGGATTTTTGGACTTGGAGGTTTAATGCTTGCCTTTCACCTGTGAAAGTGAGCTCCTCTCAAATGAATTAGTGGGGNTCCGCTTTGCCCGATCCTTGACGTGATAAGATGTTTCTACGTTTTGRRWTTTTGGCACTGTYCCNTTGGRTGNCCTGCTTCTAAACTGTCTCATGGNACAAWTGAAGGGGGGGCTCCCGGTTCCTTTGGCTTTN
k__Fungi,p__Basidiomycota,c__Agaricomycetes,o__Russulales,f__Albatrellaceae,g__Albatrellus,NA,GGTCCCTTCCGAGGGGCAACGTGCACGCCCCGTCTCCGTCTTCATACGATTTTATATCTCTCACCCCCTGTGCACCTCTGCGTGGGTTCCGAAGCGTTCGCTCGCTCGGGGCTCGCGTCTTTTTACACCAAAAAAAACCCATTCGTATGTCATCCGAACGTCTAGGTTTCGCCGTCGAGGCGAAACCCTTTGTACAACTTTCAACAACGGATCTCTTGGCTCTCGCATCGATGAAGAACGCAGCGAAATGCGATAAGTAATGTGAATTGCAGAATTCAGTGAATCATCGAATCTTTGAACGCACCTTGCGCCTCTTGGTATTCCGAGGGGCACGCCTGTTTGAGTATCGTGAAATTCTCAACCCGACTCCCTTTTTCGTGAAAGAGGGGGGGAGGCGGGCTTGGACTTTGGAGGTCTTGCCGGTCCCTTCGTTTGGGTCGG
k__Fungi,p__Ascomycota,c__Pezizomycetes,o__Pezizales,f__Pyronemataceae,g__Genea,NA,CATTATCGTGTAATTCAGTCATGCTACTGCATGAGCAATATTTAAGCCCACTTTTCGGGCATTTTCCTGTTGCTTTATTTTCCCTATGCAAGATAAACATATCTCCTTCCACAGAGATAAGTCTTGAAAGGAAAAAAGAGGGGGCCTGCCCGGAGTTTTTTAAATAGTCTTAAAAAATTTAAAAAAAAAAAATCAATTTAAAAAAACTTTCAGCAACGGATCTCTTGGTTCTCGCATCGATGAAGAACGCAGCGAAATGCGATAAGTAGGGGGAATTGCAGAATTCAGGGAATCATCGAATCTTTGAACGCACATTGCGCCTCCTGGTATTCTGGGGGGCATGCCTGTTCGAGAGTCATTTACAACAATTTCGAATCCCCCCCCCCACCTTCAGTTTGKGGGGGGGGGGGGGAATBNNGGTTTTKGKWTGGGGGRMAMMKSWMARARRGRASANATAAAATTTTTATTTTTTNN
k__Fungi,p__Basidiomycota,c__Agaricomycetes,o__Russulales,f__Russulaceae,g__Russula,NA,AAGRGYWGTCGCTGACCYTCAAAGGTTGTGCACGCCTGAGCACCCTCACACATCCATCTCACCCCTTTGTGCATCACCGCGTGGGTCTCCTTTTTGCAAAGGAGCTCATGTTTTCACACAAAACTTGATACAGTGTAGAATGTTATCTTTGCGGTCACACGCAATCAATACAACTTTCAACAACGGATCTCTTGGCTCTCGCATCGATGAAGAACGCAGCGAAATGCGATACGTAATGTGAATTGCAGAATTCAGTGAATCATCGAATCTTTGAACGCACCTTGCGCCCCTTGGCATTCCGAGGGGCACACCCGTTTGAGTGTCGTGAAACCCTCAAAAATCCTTTTCAGTAAGCGATTTTTGGACTTGGAGGTTTAATGCTTGCCTTTCACCTTTGAAAGCAAGCTCCTCTCAAATGAATTAGTGGGGTCTGCTTTGCTCGATC
k__Fungi,p__Ascomycota,c__Pezizomycetes,o__Pezizales,f__Discinaceae,g__Leucangium,s__carthusianum,GTCATTACAACGTAAAAACGTCCCCGTCAGGGAGTCGGTGGCCAGCGGGCGCCTGAGCGGCGTCGGGCCCGTGCCCGGCGGGCCAGTGATTGTAGCTTCGCTAGGGGGGTGGACCCAAACGAAGGTTCAAAGACAACCGGGAGGACCCACGTCACACCTGCCAGCCGGTGCGGCACCCCGACGACGACTCTCGCGTGGTCGCGACCGTCCGGCTCTCTGCCACACACAAACCACTCTGCGTACCTTTCCACGTTGCTTCCCCGTCCCGTCCACGGAGCGGGGGAGGTCCAACCCACGAAACCCTTGATCTAGAACCGTCCGTCAGAAGTAAAAGCTGTTTTACAAAAACTTTCAACAACGGATCTCTTGGTTCCCACATCGATGAAGAACGCAGCGAAATGCGATAAGTAATGTGAATTGCAGAATCCAGTGAATCATCGAATCTTTGAACGCACATTGCGCCCTCYGGCATTCCGGGGGGCATGCCTGTCCGAGTGTCATCAAACACCCTCCCCCGAGACCTTCTCATAGCGCGTTGGCAAAGGGGGGTATTGGCCGTCCGGCTTTCCGCGGGTCCGCTTCGGCGGCCCGACCGGGNCCCGGCTCAAATTCCAGGTCTGNAGGCCAGGAGCGTGCTGTCGGTCGACGTAATGGTAAACACGTAACGCCTTCCCAGCCCCAG
k__Fungi,p__Basidiomycota,c__Agaricomycetes,o__Russulales,f__Russulaceae,g__Russula,s__xerampelina,GNGGTCATTATCGTACAACTGAGGCGCAAAGGCTGTCGCTGACCCTCAAGGGTTGTGCACGCCCGAGTGCTCTCACACAATCCATCTCACCTTTGTGCATCACCGCGTGGGTCCCCCTTGCAGGAGGGCTCACGTTTTCACATAAAACTCGATACAGTGTAGAATGTTTCTTTTGCGGTCACACGCAATCAATACAACTTTCAACAACGGATCTCTTGGCTCTCGCATCGATGAAGAACGCAGCGAAATGCGATACGTAATGTGAATTGCAGAATTCAGTGAATCATCGAATCTTTGAACGCACCTTGCGCCCCTTGGCATTCCGAGGGGCACACCCGTTTGAGTGTCGTGAAATCTTCAAAACCCTTTTTTCTTTGAACCATTGCGGTCGGGAAAAGGATTTTTGGACTTGGAGGCTTAATGCTTGCCCTTTCTTTTTGAAAGCGAGCTCCTCTCAAATGAATTAGTGGGGTCCGCTTTGCTGATCCTTGRCGGGGATAAAATGTTTCTACGTTTTGGGTTTAACAMCTGTCCCTTGGATGGCTGGNTGCTAACCGTCTCATCGACNAATGATGGGTGCTCCNGGTCACTGCCCGNTCTACGTCGGGSGGGRRNGGCTGGMCCCMACAAAAAAGRAAACCYTKKSMCCYAAWNNTCGGGKGRRRMWWCMCGCTGAACTT
k__Fungi,p__Basidiomycota,c__Agaricomycetes,o__Russulales,f__Russulaceae,g__Lactarius,s__rubidus,TGCGGAGGATCATTATCGTACAAAATGTGTGAGGGCATGCGAGGGCTGTTGCTGACCTCAAGGTCGTGCACGCCGGAGTGTGTCCTCTCACATAACAATCCATCTCACCCTTTGTGCACCACCGCGTGGGCACCCTTCGGGATCGGACCGATCTCGGAGGGGGTTCACGTTTTCACACAAAACACCCCCCCTTTAAAAAGTGTAGAATGACCTCGTTTATGCAATCAATACAACTTTCAACAACGGATCTCTTGGCTCTCGCATCGATGAAGAACGCAGCGAAATGCGATACGTAATGTGAATTGCAGAATTCAGTGAATCATCGAATCTTTGAACGCACCTTGCGCCCCTTGGTATTCCGAGGGGCACACCCGTTTGAGCGTCGTGAAAATCTCAACCTCCTTTGTTTCTTCCGAGGACCACAGGAGGCTTGGACTTTGGAGGTTTTTGCTGGCGTCTTTGAAGGCCAGCTCCTCTTAAATGAATTAGCGGGGGTCCTCTTTGCCGATCCTTGACATGTGATAAGATGCTTCCGTGTCTTGTTTCTGGCTCTGTTGCCTTTGGGACCCGCTTCTAACCGTCTTGACCTTGCGTCGAGACANACGWTCGAGCTCGWGTCTCCTTCTCGGGAAMCCCYCGACCCCACGAACCCTTGGCCTCAAATCGG
k__Fungi,p__Basidiomycota,c__Agaricomycetes,o__Agaricales,f__Inocybaceae,g__Inocybe,s__olympiana,GAAGGTCATTATCGAATAAACTTGAACAGGCTGTTGCTGGCCCCTAGGGGGATGTGCACGCTTGTTCATCTTTATTTCTCCAACCGTGCACATATTGTAGACCTGGGATTTGGGACTGCTGTTTTTACAGCTTTGCCTTGCGTTTCTCTAGGATCTATGTTATTCCACAAAAACCCTGTCGAATGTGTTTGAAATATTGTTATATGAATACATACAACTTTCAGCAACGGATCTCTTGGCTCTCGCATCGATGAAGAACGCAGCGAAATGCGATAAGTAATGTGAATTGCAGAATTCAGTGAATCATCGAATCTTTGAACGCATCTTGCGCTCCTTGRWAWWCCGAGRAGCATGCCTGTTTGAGTGTCATTAAAGTTTCTCACCCCCCCACACCGTCT
k__Fungi,p__Basidiomycota,c__Agaricomycetes,o__Agaricales,f__Inocybaceae,g__Inocybe,s__hirtella,TTATTGAATAAACTTGAACAGGCTGTTGCTGGTCCTCCTGGGGGCATGTGCACRCTTGTCATCTTTATYATTTCTCCAAMCTGTGCACCTCTTGTAGACCTGGASCTGGATTTYATTCGAGTTGGGACTGCTGTGCTTCACAAGTCAGCTTTGCCTTGCAGGTCTATGTTCATTTTTTTYWMNCACAAAACCTGTTTAGAATGRTTGGCAATATANNTATAAAAGTTATACAACTTTCAGCAACGGATCTCTTGGCTCTCGCATCGATGAAGAACGCAGCGAAATGCGATAAGTAATGTGAATTGCAGAATTCAGTGAATCATCGAATCTTTGAACGCATCTTGCGCTCCTTGGTATTCCGAGGAGCATGCCTGTTTGAGTGTCATTTTAACTTCTCAACCATTGTTGATTATTTTTCAATGTGGCTTGGATGTGGGGGTTTTTATATTTTGCAGGCTTTGTATTAAGTCGGCTCCCCTGAAACACATTAGTGGTATCCGAGCGGAACTGCTACTATTAGGTGTGATAACTATCTATGCCTTTTNN
k__Fungi,p__Basidiomycota,c__Agaricomycetes,o__Agaricales,f__Inocybaceae,g__Inocybe,NA,GCGGNGGTCATTATCGAATAACTTGCACAGGCTGTTGCTGGTCTCTCCCTTGGAGGCATGTGCACGCTTGTCATCTTTATCATCTCTCCAACTGTGCACATATTGTAGACCTGGGAGTTTTTGGAATTCGTTCCGAGTCGGGACTGCTGCGCTTCATTTTCAAGAGGTCAGCTTTTCCTTGCATTTTTCAGGTCTATGTTTTCACAACCTCTGTAAATGTTTAGAATGGTTGAATCATAATAAAAGTTTATACAACTTTCAGCAACGGATCTCTTGGCTCTCGCATCGATGAAGAACGCAGCGAAATGCGATAAGTAATGTGAATTGCAGAATTCAGTGAATCATCGAATCTTTGAACGCATCTTGCGCTCCTTGNTATTCCGAGGAGCATGCCTGTTTGAGTGTCATTTAACTTCTCAACSSCATCSNATTCCGATGTGCTTCTGGATGGGGGGGGTTTATTTTTATTGCAGGCCTGCTGAATGGAGGGTCGGCTCCCCCTGGAATGCATTAAGCGGTTATCGTGGAGCAAGACACTTACTTGCACCAACTAAGGTCGGGTAAAGCTAAACTAATGGCTCTTGGGCGGTGCTGCATAAAACAAGTTTGGGCCGTGCTCCGAACAAANAAAAAAATTTTAGATGACTTT
k__Fungi,p__Ascomycota,c__Eurotiomycetes,o__Eurotiales,f__Elaphomycetaceae,g__Elaphomyces,s__muricatus,CCTTCCCGGGGGGTGGGGGCCCAGACCTCCCACCCTTGTCGATTGTACCGTGTTGCTTCGGCGGGCCCGCCATGGTTGGCCGCCGGGGGGTTCGCGAATGCCGCCCCCGGGCCTGTGCCCGCCGGAGACTCCCTCGAAACGCTACTGTGGTCAGGAATGCTGTCTGAGTCTTGAGAAATTGATCAAAAAACTTTCAACAATGGATCTCTTGGTTCCGGCATCGATGAAGAACGCAGCGAAATGCGATAAGTAATGCGAATTGCAGAATTCCGTGAGTCATCGAATCTTTGAACGCACATTGCGCCCCCCGGCTTCCCGGGGGGCATGCCTGTCCGAGCGTCATTGCCATCCCCTCAAGCTCTGCTTGGCTTGTTGGGCCAGCGTCCGCCTGCGGCTCCTGTCGCGGGGGGACGGCCC
k__Fungi,p__Ascomycota,c__Pezizomycetes,o__Pezizales,f__Pyronemataceae,g__Otidea,s__alutacea,CCACAATTCAAACCCACTCTGCGTACCTTTCCCGTTGCTTCCATGGGAGCGGCTAACCTCCCTCCTGTGTGGGGAGGTCCCCCGAGACAAGCCCCTGCCATCGTTGCAGGCGGTGTGGTCTTGGTCCATGAAGACGCCTTCCTGCGGAGGGTGTGAAGAAAACCATTTGCATTATCTTGCCATCAGTCTGAATTTTGTTAATAACAATTGTTAAAACTTTCAACAACGGATCTCTTGGTTCTCGCATCGATGAAGAACGCAGCGAAATGCGATAAGTAGTGTGAATTGCAGAATTCAGTGAATCATCGAATCTTTGAACGCACATTGCGCCTCCTGCATTCCGGAGGCATGCCTGTTCGAGCGTCATAAAAACCCACTCAAGCTCTTT
k__Fungi,p__Basidiomycota,c__Agaricomycetes,o__Sebacinales,f__Sebacinaceae,g__Sebacina,NA,GAGGTCATTAGTGACTGTGAATCGTTACCTTTGGTGCTGGCTCTTGCAAGTGCACATTGGTGACTTTCATCCAAATACCCTTGTGAACCTTTGGCCTCTTGTTGGCTTCGGCTGATGGGAGGATTTTACACATNTNATCTCGTGTGAAGAGAA
k__Fungi,p__Ascomycota,NA,NA,NA,NA,NA,CCTGCGGAAGGATCATTAACAAAATTTCAACGTTATTATATTTCGTTAGAAATCCACACTGTGTACCTTTACCTGTTGCTTCCCCCCCCCCCACTGGGCCCGCCGCCCTTGCGGGGGGGGGGAGGGACCAGCAAACCCTTTGTTTTCCAATGCAGGSGGTCTGAGGAATTAAAAAGTTTTAATGTTTTAACACAACCGAAAAAACTTTCAACAASGGATCTCTTGGTTCTCCCMNNTCGATGAAAAACGCMGGGAAATGSGAAAAGTATGGGGATTTGCAGAATTCGGGGAAAAATCGAATTTTTGAANGACCTTTGCGCCCCCCGGTATTCCGGGGGG
k__Fungi,p__Basidiomycota,c__Agaricomycetes,o__Agaricales,f__Inocybaceae,g__Pseudosperma,s__amabile,CGGAGGTCATTATTGAATAAACATTTGATAGGCTGGTGCTGSCCCTTGRTAGTGTGCACGCTTGTNRTTTATTTGTTTGTTTTTCCACCTGTGCACCTTTTTGTAGACCTTGGAATTTGGGGACTGCTGTGCCGAGTGCCAGCTTTTCCTTGTCTCTCTCTAGGTTCTATGTTTTTCACATACTCCTACGAATGTAATAGAATGTTGATCTGGTAATAAAGTTATATACAACTTTCAGCAATGSATCTCTTGGCTCTCGCATCGATGWAKAACGCAGCGWAAYGCGAYRAGTAATGYGRATTGCARWATTCAGTGAATCATCGAATCTTTGAACGCATCTTGCGCTCCTTGGTATTCTGAGGAGCATGCCTGTTTGAGTGTCATTAGATTCTC
k__Fungi,p__Basidiomycota,c__Agaricomycetes,o__Thelephorales,f__Thelephoraceae,NA,NA,CCTNCGGAAGGTCATTATTGAACTGTCGACATGAGCTGTTGCTGGTCCTCAAACTGGGGGCATGTGCACGCTCTGTTTACACATCCACTCACATCTGTGCACCCTCTGTAGTTCTATGGTCCAGGGGAGAGACTCTGTCCTCCTCTCATAGTTCTACATTACCACACACACACTGTAATAAAGTCTTATGGAATGTATTCCGCGTTTAATGCAATGCAATACAACTTTCAGCAACGGATCTCTTGGCTCTCGCATCGATGAAGAACGCAGCGAAATGCGATAAGTAATGTGAATTGCAGAATTCAGTGAATCATCGAATCTTTGAACGCACCTTGCGCCCCTTGGCCATTCCGAGGGGCATGCCTGTTTGAGTATCATGAACACCTCAACTCTCATGGCTTGCCGTGATGAGCTTGGACTTTGGGGGTTTTGCTGGCCTCTGTGGTCAGCTCCT
k__Fungi,p__Ascomycota,c__Pezizomycetes,o__Pezizales,f__Pezizaceae,NA,NA,GCGGAAGGTCATTANTGAAAAGACTTTCCAAGTTTTTTTTATATCCCATTGTTTACCTTACCCTGTTGCTTTCCACTGGACWTGTTTWTTTACCTTGTGTAAANNGAGACCTTKGGCTTGTGTGAATTTCACMCTTGTYAGAGAGCTGCCAGTGGGAAGACTTATGTACCAAAACTTGATTATAAAAAAACACATTTGTCTGAATCTATTGCTTCAAATAAAACAAAACTTTCAACAACGGATCTCTAGGCTCTTGCATCGATGAAGAACGCAGTGAAATGCGATAAGTAATGTGAATTGCAGAATCTCGTGAATCATCGAATCTTTGAACGCACATTGCGCCCTATGGTATTCCGTAGGGCATGCCTGTCTGAGTGTCAGCTACCCCCCCCACTCTAGTGTCCTTTTGTGATACTGGGATTCCTTTGGAGAGGTGACTCAATATAGAGTCTCCCTTCAGAAATGTATAGGCAGTATGGTTTGTACTTGNAACCAGACGTAATAATAATAAAATCGTTTGTTTGGGTATAATTGTATTTGCCTTCATCCCACCCNTAATTTTTYWCAWYTGSGTGACCTCAGATCAGGTAGGGAT
k__Fungi,p__Basidiomycota,c__Agaricomycetes,o__Sebacinales,f__Sebacinaceae,g__Sebacina,NA,GGATCATTACTGATTGCGAATCGTTGCCTTCTGTGCTGGCCAGTCTCTGGCAAGTGCACGTCGGTGACTTTCATCCAATACCCTGTGCACCTTTGGCCTCTTGCTAGCTTCGGCCGGCAGAGGAATTTACACAAACTCGAATGTAATGAAATATATTGTCGTGCGCAAGCACTAATGTACAACTTTCAACAACGGATCTCTTGGCTCTCGCATCGATGAAGAACGCAGCGAAATGCGATAAGTAATGTGAATTGCAGAATTCAGTGAATCATCGAATCTTTGAACGCACCTTGCACCCTTTGGCATTCCGAAGGGTATGCTCGTTTGAGTGTCATTGTACTCTCACACTCCCGATCTTTGGATTGGGAGCGGTGGACTTGGGTGTTGCTGCTTACCGTGGCTCACCTCAAATGGATTAGTGCAACTCTTGGTTGGACATAGTACGGCGTGATAAGTGTCTTCGCCGGCGCCTCACTTTTAGAGGGTGGCCGATCGGGAGCTCTGTGCTTCAAACCGTCTTCGGACAATGACTGACAACTTGACCTCAAATCGAGTAGGACTACCCGCTGAACTA
k__Fungi,p__Basidiomycota,c__Agaricomycetes,o__Russulales,f__Russulaceae,g__Gymnomyces,NA,TTATCGTACAACGGAGGTGTAAGGGCTGTCGCTGACCTTCAAAGGTTGTGCACGCCCGAGCCCTCTCACACCAATCCATCTCACCCTTTTGTGCATCACCGCGTGGGTCCCCCCCGTTGCCGGGGGAGGGCTTGCGTTTTCACATAAAACTTGACACAATGCAGAATGTTTTCTTTTTTTTNNNGCGGTTACATGCAATCAATACAACTTTCAACAACGGATCTCTTGGCTCTCGCATCGATGAAGAACGCAGCGAAATGCGATACGTAATGTGAATTGCAGAATTCAGTGAATCATCGAATCTTTGAACGCACCTTGCGCCCCTTGGCATTCCGAGGGGCACACCCGTTTGAGTGTCGTGAAATTCTCAAAAACCCCTCTTCTTTGATCCTTTCGGGGTTCGGAAAGGGGATTTTTGGACTTGGAGGTTCAATGCTCGCCTTTCACTTTTGAAAGCGAGCTCCTCTAAAATAAATTAGTGGGGTCCGCTTTGCCGATCCTTGACGTGATAAGATGTTTCTACGTTTTGGNTTTAGCACTGTCCCTTGNTTCCCGGCTTTCTAACCGTCTCACGGACAATGATGGTGCTCCGGTCACTGCCGTTTATATCGGCGGGAGGCTGG
k__Fungi,p__Basidiomycota,c__Agaricomycetes,o__Agaricales,f__Inocybaceae,g__Inocybe,s__erythospilota,GGAAGGTCATCATTGAAAAAACTTGCACGGGTTGTTGCTGGCTCCAGGGCATGTGCACACCTGTCATCTTTATTTCTCCAACTGTGCACGTATTGTAGACCTGGAGTTTTTGAAACYGTTTCGAGTTGGGGATTGCTGTGCTTCAGTTGAAGTGGGCTTTGCCTTACATTTCTGGGTCTATGTCATTTCACAACCTCATTGAGAATGTCGAATCTGTACCTATNAAAGTTAAATNATNACAACNTTTCAGCAACGGATCTCTTGGCTCTNCGCATCGATGAAGNAACGCAGCGAAANTGCGATAANGTAANTGTGNAATTNGCANGAATTCAGTGNNAATNCATCNGAANTCTTTNGAACGCRYMTTSYKYKCSTTGGTATTCCGAGGAGCATGCCTGTTTGAGTGTCATTTAAGTCCCTCAAC
k__Fungi,p__Basidiomycota,c__Agaricomycetes,NA,NA,NA,NA,TCAATAAGCGGAGGANCTTGGTCATTTAGAGGAAGTAAGCGGAGGAGCATATCAATAAGCGGAGGATCTTGGTCATTTAGAGGAAGTAAGCGGAGGAGCATATCAATAAGCGGAGGATCTTGGTCATTTAGAGGAAGTAAGCGGAGGAGCATATCAATAAGCGGAGGATCTTGGTCATTTAGAGGAAGTAAGCGGAGGAGCATATCAATAAGCGGAGGRTCTTGKTCATTTAGAGGAAGTAAGCGGAGRAGCATATCAATAAGCGGAGGGTCTTGTTCATTTAGAGAAAGGAAGCGGAGATTCATATCAGGAAGCGCCTGGTCTTGTTCATTTAGAGGAAGGAAGCGCAAAATCATAACACGAAGCGCTTGGTCATGTACATTTAGGGAAAGGAAGCGCCAAAACATAAGAGGATGGGTCTGGTCTTGTACAGGTAGGAAAGGGAATCGCAAAATCATAACGCGATGCGCCTGGTCATGTAAAGGAAGGGAAGGGAAGAGCCAAATCATAAGGAGAAGCGCTTGGTCTTGTAGATGAAGGTAAGGGAAAACCCAAAACATAAGAGTACGTGCCTTGTCCTGNTAATGAAGGGAACCTCATATCTTTAACCAGAAGCGGTTGGGCTGTGTGANGTAAGGGCCCCCGGGAGCCCCCCACCTGAACCTATCGGGTAATTTGCCCCTTGCACCTCCCCGTGAAGGGTTATGTTTATC
k__Fungi,p__Basidiomycota,c__Agaricomycetes,o__Sebacinales,f__Sebacinaceae,g__Sebacina,s__epigaea,GGRWCATTATTGATTGCGAATCGTTGTCTTCAGTGCTGGCCAGCTCTGGCAAGTGCACGTTGGCGGCTTTTCATCCAATACCCCTGTGAACCTTTGGCCTCTTGCTAGCTTTGGCTGGCAGAGGATTTTTACACCCACTCGAATGTAATGAAATTATTGTTGTGCGCAAGCACTACTGTACAACTTTCAACAACGGATCTCTTGGCTCTCGCATCGATGAAGAACGCAGCGAAATGCGATAAGTAATGTGAATTGCAGAATTCAGTGAATCATCGAATCTTTGAACGCACCTTGCACCCTTTGGCATTCCGAAGGGTATGCTCGTTTGAGTGTCATTGTACTCTCACACTTCTGATCCTTTTGGATTGGGAGCGGTGGACTTGGGTGTTGCTGCTGCTTTACTGCGGCTCACCTCAAATGCATTAGTGCAACTCTTGGTTGGACATAGTACGGCGTGATAAGTATCTTCGCCGGCACCTCGCAAGAGGGTGGCTGATCAGGAGCTCTGTGCTCTCCAACTGTCTTCGGACAACAACTGACAACTTGACCTCAAATCGARTAGGACCACCCGCTGAACTT
k__Fungi,p__Basidiomycota,c__Agaricomycetes,o__Cantharellales,f__Clavulinaceae,g__Clavulina,s__coralloides,CGGCAAGGTCATTAATGAGTTGTGAAGGGGTTTGATGCTGGCACCCAAATGCATGTGCTCGCCCTGACAATCATCTTCCAAACACCTGTGCACATTTTTGAGGGAATTTTGAGTTGATTACCATTTTTGGGTGATTTTCTTGTATTCCCTTAAATTACTATACGCTGATAACAATGCTGAACGTGTTTTGTGCCGCAAGGCCATTAATAATATATAACTTTTAACAACGGATCTCTTGGCTCTCGCATCGATGAAGAACGCAGCGAAATGCGATAAGTAATGTGAATTGCAGAATTCAGTGAATCATCGAATCTTTGAACGCACCTTGCGCTCCCTGGTATTCCGGGGAGCACGCCTGTTCGAGTGTCGTGAAATTTCTCAAGCTTGGATGGCCTTTATGTCTGTCCTTAGCCTTGGTTGKTGGGCTTTSYSSTGTCCTTCWYTGGRGMSRGCTGSNCCTTAAANTGCATTWRKYGATATCTTGGTGTTGCCACTAGCCTCGACGCAGCGTGATATATAANTCCACGTCGCTGAAGTACATTTCTN
k__Fungi,p__Basidiomycota,c__Agaricomycetes,o__Thelephorales,f__Thelephoraceae,g__Pseudotomentella,NA,NTTAATGAAATGAATGTCGAGAAGGGTTGTAGCTGGCCCTCCGGGGCATGTGCACACCTTGATCGCACATCACACCTCTCTCACACACCTGTGCACTATGTGTAGCTTAGGGATGATTACAATGTTGGAAACAATATTGAAAGCTCTAGCTATGATTTTTTATACACTCATATACAAAAGTTAAAGAATGGATAATGTTATAGCGTGTAATAGCGCAAATATATATACAACTTTCAGCAACGGATCTCTTGGCTCTCGCATCGATGAAGAACGCAGCGAAATGCGATAAGTAATGTGAATTGCAGAATTCAGTGAATCATCGAATCTTTGAACGCACCTTGCGCTCCTTGGTATTCCGAGGAGCATGCCTGTTTGAGTGTCATGAAATTCTCAACTACCTTTTTAACATTTTATGTNTTAAGGGTGAAGTTGGAGTTGGAGGATAATTGCTGGCGCAACTCTCTCTAAGGTTGCTTGGTTGGCTCCT
k__Fungi,p__Ascomycota,c__Pezizomycetes,o__Pezizales,f__Tuberaceae,g__Tuber,s__whetstonense,NCNTTATTATAATGCGTGGAATGCCCCTAATAAGGGCATACTCTATAAAACTCTAAACTTACWGTCTGAGAAGGCCATGTGCCGTAATCTTTAAACATTTTAAAACTTTCAACAACGGATCTCTTGGTTCTCGCATCGATGAAGAACGCAGCGAAATGCGATAAGTAATGTGAATTGCAGAATTCAGTGAATCATCGAATCTTTGAACGCACATTGCGCCCTTTGGTATTCCATAGGGCATGCCTGTTCGAGCGTCACTAACAACCCCATCACAYANANKAGTGTGGTATTGGCAGAAGTGGGTAGGGCTAGCAGTGCTGGCCCCACTCTGCTGGAATGAATAGGCCGGAAATGCAGACCATGGCAACAAACTTTCAGAGTATCTTGAAATGCTAAATTAGTTTGGAGCAGGTCAGAATCCAGGCCATTGGACCCCCATTCTGTGTAAAGCAGTAATGTTGACCTCGGATCAGGTAGGGATACCCGCTGAACTTAAGC
k__Fungi,p__Basidiomycota,c__Agaricomycetes,o__Agaricales,f__Amanitaceae,g__Amanita,s__breckonii,NCGGAAGGACATTATTGAAATAAAACTCGGGCAGGGGGAGGTGGTTGTAGCTGGCCCCTAGGGGCATGTGCACACTGTCTCTCTCTTGCTTGTTTTTTTCATTCTTTCCACTTGTGCACTGCTTGTAGGCAGCCTGGCACTGTTCAGGTTGTCTATGATTTTCTTTACATACATGAACCATTGTTGTACAGAATGTGATAAAAAAGAGTAATACAACTTTCAACAACGGATCTCTTGGCTCTCGCATCGATGAAGAACGCAGCGAAATGCGATAAGTAATGTGAATTGCAGAATTCAGTGAATCATCGAATCTTTGAACGCATCTTGCGCTCCTTGGTATTCCGAGGAGCATGCCTGTTTGAGTGTCATTAAATTCTCTCAAAACATACACTTGAGTGTGTTTTGGATTGKGGGNAGTGKCTGCTGGSYTTGTTTATACATGAGCCAGCTCTCCTGAAARAMAWTWRNCTTTGGGGGGGGATGKGCCAAGTCACTTTCTGSCTTTNCCATTGGGKGKGAWWAAKGAWKAANNNAACTTTATTYTACGGCCAGGAAAAGCAGGTTTGCAGGGTGAAAAGCACTTGTGGATTC
k__Fungi,p__Ascomycota,c__Pezizomycetes,o__Pezizales,f__Helvellaceae,g__Helvella,NA,GAAGGACAGCTTCGAGTAGTTGAGCAGNCGTCGGGGGCCACGTACCCAATCCGGCCCCGCGGCGCCAAGCGGCCACGTCCAAACCGAACACCCCCCTGCGTACTCATCCACGTTGCTTCCCCGGGGGCAGCCCCCGGGGGAGGTCCGAGCGCAAACCACGCCGCCCAACCCACCCGCGGGCCCCTCCGTCTGAAGGCCACCGCGCCAAGGAAGAAGTAACGAGCGAGGAAATGAAAAACTTTCAACAACGGATCTCTTGGTTCCCGCATCGATGAAGAACGCAGCGAAATGCGATAAGTAATGTGAATTGCAGAATTCAGTGAATCATCGAATCTTTGAACGCACATTGCGCCCCCTGGCATTCCGGGGGGCATGCCTGTTCGAGCGTCTCCGGGACGAATCCTCGCGCTAGTGAACGCGCGGTCATGGCTGCGGTGTCGTGCCCGAAGCGGCGGCCACCGCGCCGGAATCCATGGNCGGACGCCCGCCGCNCGGCCGAGCGTGATATGACGCATTG
k__Fungi,p__Basidiomycota,c__Agaricomycetes,o__Thelephorales,f__Thelephoraceae,g__Tomentella,NA,TTGCTGGTCCCCGTACGGGGGCATGTGCACGCTTTGTTTACACATCCACTCACACCTGTGCACCCTCCGTAGTTCTATGGCCTGGGTGGGCTCTGCCCTCCTGGCGTGGTTCTATGTCTTTACACACACACTACAATGAAGTCTTATGGAATGTATGTCGCGTTTAACGCAATGAAATACAACTTTCAGCAACGGATCTCTTGGCTCTCGCATCGATGAAGAACGCAGCGAAATGCGATAAGTAATGTGAATTGCAGAATTCAGTGAATCATCGAATCTTTGAACGCACCTTGCGCCCTTTGGCTATTCCGAAGGGCATGCCTGTTTGAGTATCATGAACACCTCAACTCTCATGGCTTGCCATGATGAGCTTGGACTTTGGGGGTTTTGTTGGCCTGTGAGCCAGCTCCTCTTAAATGAATTAGCTTGCCGGTGTTTGGTGGCGTCACGG
k__Fungi,p__Ascomycota,c__Leotiomycetes,o__Helotiales,f__Myxotrichaceae,g__Oidiodendron,s__maius,TCATTACAGAGTTCATGCCCTCCGGGTAGATCTCCCACCCATTGCTATCACTACTCTCGTTGCTTTGGCGGCCGCTGAGCCCTGCCCGGCCGCCGGCCCCGGSTGGGGCGCGCCCGCCAGAGACCTCACAGACTCTGAATGTTAKTGTCGTCCGAGTAACTATATAATCGTTAAAACTTTCAACAACGGATCTCTTGRTTCTGSCATCGATGAAGAACGCAGCGAAATGCGATAAGTAATGCGAATTGCAGAATTCAGTGAGTCATCGAATCTTTGAACGCACATTGCGCCCTGTGGTATTCCGCAGGGCATGCCTGTTCGAGCGTCATTTCAACCCTCAAGCCTCGCTTGGTGTTGYAGCCCTGCCCGCCGCGGCCGGCCCTAAAGATAGTGGCGGCGCCGCCTGGCCCTCAGCGTAGTACAGCTCTCGCTCCAGDBHCCGGNGNCAGCCTGCCAGAACCNCCCCAACTCTWNTGGNTGACCTCGGNTCAGKWRGNGATACCCGCTGAACTTAAGCAT
k__Fungi,p__Ascomycota,c__Leotiomycetes,o__Helotiales,f__Hyaloscyphaceae,g__Hyaloscypha,NA,GGAGGTCATTACAGATCGCCCCGTTTTTTGNAATGGRTCTATTCCCAAACCGTGTRTACATACCTTTGTTGCTTTGGCRGGCCGCCTTYNNGGCGTCGGCTCCGGCTGACTGCGCCYGCCAGAGGACCCAAAYTCGTTTGTTTAGTGATGTCTGAGTACTATATAATAGTTAAAACTTTCAACAACGGTTCTCTTGGTTCTGGCATCGATGAAGAACGCAGCGAAATGCGATAAGTAATGTGAATTGCAGAATTCAGTGAATCATCGAATCTTTGAACGCACATTGCGCCCCTTGRTATTCCGAGGGGCATGCCTGTTCGAGCGTCATTATAACCACTCAVCCCTTGGCTTGCAKTGGGGNNTCGCGGNTCCGCGGCCTTTAAANNTCAGNGCCGCNGCCNGTYTGTCTCGANGCGNAGNAATTCTCTCGCTATNGGGNCCCGNTSGGTAGCTTGCCANAAACCCCNTACTTTCCTACGATGACTCGGTCAGTAGGTACCGTGAATTAACTAAAAGGGGGGGGAATTTGGGGGTTTTGCTTGGAACCGCGTGACCCTTTTGGCTTGGGCAGAAAGTCCACCGGGCCCCCTTTTGAAACCCTCGACCCCGACCCTGCCCAATGGTGGGCTCCGTGATAACT
k__Fungi,p__Basidiomycota,c__Agaricomycetes,o__Agaricales,f__Inocybaceae,g__Inocybe,NA,AACTTGAACAGGCTGTTGCTGGCTTCTTGCATGTGCACGCTTGTCATTTTTTTCATTTCTCCTCTGTGCACCAACTGTAGGTCTGGATCAAGGTGCTCTCTGCCTTGCAATCTCCAGRTSTATKTTTTTCTYYMCMAMMWMWAAAWRWRWWTGAAATGTCAAATTGTGAATATATATGTATATATACAACTTTCAGCAACGGATCTCTTGGCTCTCGCATCGATGAAGAACGCAGCGAAATGCGATAAGTAATGTGAATTGCAGAAYTCAGTGAATCATCGAATCTNTTGAACNGCWTCTTGCGCTCCTTKGTNATTCCNGAGGAGCATGCCTGTTTGAGTGTCATTTTGACTTTATCAACCGCTTCACGTTAAACATGGACGTGCCCCTGAATGTGGGGGGCTTTGCAGGCTTTTTAGAATTCTAAAAGTCCGNTCCACCTGAAAACGCATAAGGGGCAATCTCGGATCTAGCGTACTCTATATGTTGAGAACAAAATNATTTGTTGCCCTTTTGTTAGTACCTGCATGAAACAGAATGTTGTCATCGCTCACACCATG
k__Fungi,p__Basidiomycota,c__Agaricomycetes,o__Russulales,f__Russulaceae,g__Russula,s__adusta,GGTCATTATCGTACTACAGAGGCGYGAGGGYTGTCGCTGACCTTATTAAAAGGTCGTGCACGCCCGAGCGCTCTCAATCCATTTCACCCTTTGTGCATCACCGCGCGGGGTCGCTCCCTCTTGGCTCGCTTCGAGAGGGGGAGGCTCGCGTTTTTCACACATAAACACCCTTATAGTTTAGAATGTCATTCATTTGCGATCACACGCAATCAATACAACTTTCAACAACGGATCTCTTGGCTCTCGCATCGATGAAGAACGCAGCGAAATGCGATACGTAATGTGAATTGCAGAATTCAGTGAATCATCGAATCTTTGAACGCATCTTGCGCCCCTTGGTATTCCGAGGGGCACACCCGTTTGAGTGTCGTGAAATTCTCAAACCTTCTTGGTTTCTTGATCAAGATGGCTTTGGACTTTGGAGGTGTTTTGCTGGCTTTGCAAAAAGCCAGCTCCTCTTAAATRCATTAGTGNGGTCCCCTTTGCCGATCCCCAGGCGTGATAAGATGTTTCTACGTCTNGGGATTTNGCTCTGTTYCYTKGGAAACCCGCTTCTAACCGTCTCATGGGAGACATCGTTCGAGTTTGCTCGACGCACGAACCTTGACCTCAAATCGGGTGAGACTACCCGCNGAACTTAA
k__Fungi,p__Basidiomycota,c__Agaricomycetes,o__Agaricales,f__Inocybaceae,g__Inocybe,NA,TCGAATGAAATGGGCTNTTGCTGGCTTCTTGCATGTGCACGCCTTGTCATTATTTCTCCTCTGTGCACCGACTGTAGGTCTGGAGTTTTTCAGGTCTATGTTTTTACAATCACTCTATGTGTGTTTGGAATGTGAATAATAATAAAATATATATACAACTTTCAGCAACGGATCTCTTGGCTCTCGCATCGATGAAGAACGCAGCGAAATGCGATAAGTAATGTGAATTGCAGAATTCAGTGAATCATCGAATCTTTGAACGCATCTTGCGCTCCTTGGTATTCTGAGGAGCATGCCTGTTTGAGTGTCATCNAAGTTCTCAACCCATGGAATTCATGGATTGGATGGTTGGCATTTGCAGGCATTTGAAAAAGAAAGTCTGCTTTCCTGAAATAAATTANTGGCCTGGCCCCGCGACCACTACAGGTTTGTTTTTATGGCTTCTTGAAAAAAGCCC
k__Fungi,p__Ascomycota,c__Pezizomycetes,o__Pezizales,f__Tuberaceae,g__Tuber,s__gibbosum,AAGGCTCTCTGAGTAAACCCATATTAAACACTTATACAAACTCMTAKTNCTGMNAAGGCTATTTGCCGTAATTATATAATATGTTAARMYYTTSARCAMCGGMTMKCTTGSYTCTCGCATCGATGAAGAACGCAGCGAAATGCGATAAGTAATGTGAATTGCAGAAWTCAGTGAATCATCGAATCTTTGRACGCACATTGCGCCCTTTGGYNTTCCTTAGGGCATGCCTGTTCGAKCGTCACTAAACTAGATCCCTCACGGCAGATGGCGCATTGAGGATGCCGCACAGAAAGCGTGTTAGNCTTCATAAAGCACGCNCGCCAA
k__Fungi,p__Basidiomycota,c__Agaricomycetes,o__Russulales,f__Russulaceae,g__Russula,NA,ACCTGCGGAGGGWCATTATCGTACTACAGAGGTGCTCAGGTTGTCGCTGACCTTTTGGTCGTGCACGCCCGAGTGCTCTCAATCCATTTCACCCTTTGTGCATCACCGCGCGGGGTCTCTTCCTCTTGGCTTGCTTCAAGAGGGGGAGGTTCGCGTTTTTCATACAAACACCCTTCTAGTTTAGAATGTCATTCATTTGCGATCATACGCAATCAATACAACTTTCAACAACGGATCTCTTGGCTCTCGCATCGATGAAGAACGCAGCGAAATGCGATACGTAATGTGAATTGCAGAATTCAGTGAATCATCGAATCTTTGAACGCACCTTGCGCCCCTTGGTATTCCGAGGGGCACACCCGTTTGAGTGTCGTGAAATTCTCAAACCTTCTTGGTTTCTTGACCAAGATGGCTTTGGACTTTGGAGGCATTTGCTGGCTTTGCGAAAAGCCAGCTCCTCTTGAATGCATTAGTGGGGTCCCCTTTGCCGATCCCCAGGCGTGATAAGATGTTTCTACGTCTTGGGATTTGCTCTGTTCCTTGGGAANCCCGCTTCTAACCGTCTCATGGAAGACATCGTTCGAGCTTGCTCGACCCACGAACCTTGACCTCAAATCGGGNTGAGACTACCCCGCTGAACTTAAGNN
k__Fungi,p__Ascomycota,c__Pezizomycetes,o__Pezizales,f__Pyronemataceae,g__Genea,s__harknessii,TCATTATCATGTAAATTCAGTCATGCTTGCTGCGTGAGCTGCAATACACCCACCCTGCGTACACATCTCCTGTTGCTTCCGCCGTGCCCAGATGACAATCTGCTCGGCGGGAGGGTAGAAAATAACCTCCAAGTCATACTATATAGAATCTGTCTGAACAAATGAAGAAACCAAATTAAATGTTAAAACTTTCAGCAACGGATCTCTTGGTTCTCGCATCGATGAAGAACGCAGCGAAATGCGATAAGTAGTGTGAATTGCAGAATTCAGTGAATCATCGAATCTTTGAACGCACATTGCGCCTCCTGGTATTCCGGGAGGCATGCCTGTTCGAGAGTCATTGACAACCACATCGAACCCCCCAGTTTCAGTCCTCGAGGATCCTTGGGGGAGATCGGTTCTGGAGGATGAGGAATGAGAGTTGCCCTGCAGAGAGCCCCCTCCTGCCCACCAAAATTCAGCGAGTTCAGCGGTGAGCGCTGCGTTGTTTTGGTGGGTGAATAGTTGGTGGKCTGTGATTGGCAAATCGCCTCCCCTCCGAAATTCATACGCGGTCTGTGTTCAAAAACCCACATGTTTTACGGGCGTTGTAGAGGCGGCCCCTCACAANTTTGGAGGAGCCACTTTTTCGCGAGTATAATAGTGCAGGTTTCGGGACCACGGACTAGCCGGCCATACAAAAAAAAGGAATAAAAATCCCCCGTA
k__Fungi,p__Ascomycota,c__Pezizomycetes,o__Pezizales,f__Tuberaceae,g__Tuber,s__pacificum,NGGTCATTACAAAATGTCTGGGATGTCCACTTCGGACCCCCCAAGCAAAACACATCCATGTGTACTCTCCCATGTTGCTTCCCCAGACCAGTGGCCACTGCTACCAGCTCAGTCCTTAATCGGTTCCTGAGTTGAGGTGTTTGGGGAAGGGCTCAATATCAAACCTTTGAACCAATTTTAGTTGTTCTAAATAGACCATCCGCCGCAATCTTTAAAATATATTAAAACTTTCAACAACGGATCTCTTGGCTCTCGCATCGATGAAGAACGCAGCGAAATGCGATAAGTAATGTGAATTGCAGAATTCAGTGAATCATCGAATCTTTGAACGCACATTGCGCCCTTTGGTATTCCTTAGGGCATGCCTGTTCGAGCGTCACTAAAAACCCCTTCACAGTTAATGTGGTATTGGTAGAAGTGAACGGTACTTGCCTTACCTTGTCTCACTATACCAAAATGAATAGGCCAGAGAAGTGGACCCATGGTAATTGACTCCAGGAGTGTGTTTTTNTTCTAATGCTATACTAGGTCTTTACCCAAGTCAAGTTCTGAGCTACCGGACCCCCATTTAGTCCGAAACAGATGAGGTTGACCTCGGATCAGGTAGGGATACCCGCTGAACTTA
k__Fungi,p__Basidiomycota,c__Agaricomycetes,o__Boletales,f__Rhizopogonaceae,g__Rhizopogon,NA,TGTTTCAAAAATTTCTCACCTGTGAACCTAATGTAGGATGCCTCTCCTCCGGGAGAGGGGACCTATGTCTTCATATACATCTTCGTGTAGAAAGTCTTAGAATGTTTACTATCAGAGAGTCGCGACTTCTAAGAGACGCGAAGCTTCTGAGATAAAAGATATTACAACTTTCAGCAATGGATCTCTTGGCTCTCGCATCGATGAAGAACGCAGCGAAAAGCGATAGGTAATGGGANTTGCAGATCTACAGGGGATCATSCAATYTTGNAACGCAYCTTGCGCTCCTCGYKGNNCCGGGGAGNATGCNTGTTGATGNCGGNAATTCYCNCCCCTCNTGNTTTTTTTGAGGAGTTGGTAGCGANGTGCGNAGATANTAANATCGGSCCCCYKRMMSSYNTGCTCCAWANATTTTNCTTGCCCNCCGGTTTGGNGTGTATGTCGCKWNGTTAC
k__Fungi,p__Basidiomycota,c__Agaricomycetes,o__Thelephorales,f__Thelephoraceae,g__Tomentella,NA,TGCTGGTCCTCAAACGGGGGCATGTGCACACTCTGTYYACACATCCACTCACACCTGTGCATCCTCTGTAGTTCCATGGTGTGGGGGACACCATCCTCCCACTGTGGTTCTATGTCTTTACACACACACTGTTATAAAGTCTCATGGCATGGATATAGCGTTTAACGCAATACAATACAACTTTCAGCAACGGATCTCTTGGCTCTCGCATCGATGAAGAACGCAGCGAAATGCGATAAGTAATGTGAATTGCAGAATTCAGTGAATCATCGAATCTTTGAACGCACCTTGCGCCCCTTGGTTATTCCGAAGGGCATGCCTGTTTGAGTATCATGAACACCTCAACTCTTGTGGTTTCCCACAATGAGCTTGGGACTGTGGAGGTTTTTGTTGGGCCCTCTGGGTCAGCTCCTCTCAAAATGGGATCAGCTTACCAGTGTTTGGGTGGGCATCACGGGGTGTGATAACTATCTACGCTTCGNTGGTTTGTCTCTGAATAAACCCTCCCAGTGATGAAAGGTTTCGCTGGGAGCTTATAAAATTGTGTCCNCCTCCCCCAAGTGGAAAGAACAAGCCCTTTTGAAACGTTTCGATCTCAAAATCAGGTTAGGGACTACCCCGCTGAACTTA
k__Fungi,p__Basidiomycota,c__Agaricomycetes,o__Agaricales,f__Inocybaceae,g__Inocybe,s__agglutinata,RGGTCATTATCGAATAANCTTGAGCATGCTGTTGCTGGCCCCTCTCCTGGGTGGGGTATGTGCACGCTTGTCCTTTGTTATTTCTCCAACCTGTGCACATTTTGTAGACCCTGGAGATTTCATGAATTTTTGATTCGAGACGGRACTGCTGCTGCTTCCCTTTGTTGAAGCCGTTTTTTCCTTGCACCTCCAGTTCTATGTTWTTTTTCWCYWCCTSARAARAANACAARRTAATGTTGGAGCCGCCCATAGAAATGATCGTACTGCTTNCGCAATGGCGCCTGGGCTCTCGCATCGGTGAAGCCCGTTCGACCGTCGTAAGCACTGAGGCTCGGCAGTTCATTGAATCATATCATCTTTGAACGCATGTTGCGCTCGTTGGCTGCCGAGAGCATGACTGTTGACTAATATTAACTACGGATCACGTGGGTTTTTGGGAGAGCCTCGAATTGGCGATTTTTGCAGGTTTTTCGGCGAAAAACAGCTCACCTCCCTGAATA
k__Fungi,p__Basidiomycota,c__Agaricomycetes,o__Cantharellales,f__Clavulinaceae,g__Membranomyces,NA,GATCATTAACGAATTGCAATGGKGGGGTTGATGCTGGAAGCTGTTTCTTTCGCTGCATGTGCTCGTCCCCCCAACAATCTTCATCCAAACGCCACCTGTGCACATTTCGGAGGGTCTCCGAGTTTGATTTCCTGTTGTTGRCCACACCAGGTTCTCTTCGGKKKKTTCCCTTCCTCYCMWMAWATASACTGCTTCAATAATATTGAACGTGATTGTGCCGCAAGGCCTTTGTCGCAATACAACTTTTAACAACGGWTCTCTTGGCTCTCGCATCGATGAAGAACGCAGCGAAATGCGATAAGNAATGTGANTTGCAGAATTCAGTGANTCNTCGANTCTTTGANCGCNCCTTGCGCNCCCTGNTANTCCGGGNAGCACGCNTGNTCGANTGCGNGAANTNCTCANGNTTGRTGYTTTYTCWTMKTTRGCTTGGAATTGGCTCTGCTGTCCTTTCATTGAACCAGCTGCCTTAAAATCATTA
k__Fungi,p__Basidiomycota,c__Agaricomycetes,o__Agaricales,f__Inocybaceae,g__Inocybe,s__fuscicothurnata,TTGGGGTACGTGCACGCTTGTCATCTTTATCATTTCTCCAACTGTGCACATATTGTAGACCTGGGGATTTTTCGAATTCTATTCGAGTAAAGGGACTGCTGTGCTTTTTTAATAAAGTCGGCTTTCCCTTGTATTTTTCAGGTCTATGTCACAACCACTAGAATGTGTTTAGAATGTCGAATCAGGTCTTTGTACCTATATAAAAGTTAAATACAACTTTCAGCAACGGATCTCTTGGCTCTCGCATCGATGAAGAACGCAGCGAAATGCGATAAGTAATGTGAATTGCAGAATTCAGTGAATCATCGAATCTTTGAACGCATCTTGCGCTCCTTGGTATTCCGAGGRGCATGCCTGTTTGAGAGTCATGAACACCCTCAATTCAACACTTTTTTGAATTGGACTTGGACGCTGTCGTAGTGACTCGTCCTAAA
k__Fungi,p__Basidiomycota,c__Agaricomycetes,o__Boletales,f__Boletaceae,g__Xerocomellus,NA,TTATCGAATTTCGGGGGCGAGGTGGACTGTCGCTGGCTTCCGCTCGGAAGCATGTGCACGTCGACCTTTCTCTTGCTTCTCACACCTGTGCACACATTGTAGGTCCTCGAAAGAGGATCTATGTTTTCAATCATCACACACATACGTATGTCCAGAATGTATCACGGTCGTCGTCCGTCCTYGCGGTCGGATGGCGCTCGAAAAAACAAATACAACTTTCAGCAACGGATCTCTTGGCTCTCGCATCGATGAAGAACGCAGCGAATTGCGATAAGTAATGTGAATTGCAGATTTTCAGTGAATCATCGAATCTTTGAACGCACCTTGCGCTCCTTGGTATTCCGAGGAGCATGCCTGTTTGAGTGTCATGGAATTCTCAACCATGTCTCGATTCGTTTCGGGGCATGGCTTGGATGTGGGGGTTGCTGGCGGCGAACGCTGTCGGCTCTCCTGAAATGCATTAGCGATGGACAGCAAGTCTGACGTGCACGGCCTCGACGTGATAATGATCGTCGTCGCTGGAGCGTCGGACGAGCGCAAACATGTCCCTTTGCTTCCAATCCTTTTGACTTGGGGACTCGGACTTCCGGAGCGAAGCTTTAGCTACTAGTCGGTCGCGANGCCGACGAACGCGAGGCNG
k__Fungi,p__Basidiomycota,c__Agaricomycetes,o__Agaricales,f__Inocybaceae,g__Inocybe,s__glabrescens,GGAGGTCATTATYGAATAAACTTGAGCATGCTGTTGCTGGCCCCNNTCTCNTGGGTGGGGTATGTGCACGCTTGTCCTTTGTYATTTCTCCAACYTGTGCACMTTTTGTAGACCCTGGAGMTTTNATGRATTTTYWKWMAATTCGAGTTGGGACTGCTGTGCTTTGAAGTCAGCTTTGCCTTGCATCTCCAGGCCTATGTCATTTTTCACAACCTCTTGAAACATGTTTAGAATGTAACCTATAAAAATTGAAATATACAACTTTCAGCAACGGATCTCTTGGCTCTCGCATCGATGAAGAACGCAGCGAAATGCGATAAGTAATGTGAATTGCAGAATTCAGTGAATCATCGAATCTTTGAACGCATCTTGCGCTCCTTGGTATTCTGAGGAGCATGCCTGTTTGAGTGTCANTTTANACTTCTCAAYCACATCAKNATANTNTNGATGTTGCTTGGAATTGGNGGTTGTTTTGCAGGCCATTCTGTAAAAAAAAAGGTCGGCTCCCCTGAAATGATTAGTGTATCTGAGCTACTACTATAGGTGTGGTAA
k__Fungi,p__Mortierellomycota,c__Mortierellomycetes,o__Mortierellales,f__Mortierellaceae,g__Mortierella,s__elongata,GTCATTCATAATAAGTGGTTTATGKCACTTTTTAAATCCATATCCACCTTGTGTGCAMTGTCRGTCGRTCTTCTTYATGGAGATCGRCCAAACATCAACCTWTWTNTTTTAASTCTTTGTCTGAAAAATATTAKGAATAAAMNAATTCAAAATACAACTTTCAACAACGGATCTCTTGCCTCTCGCATCGATGAAGAACGCAGCGAWATGCGATACGTAATGTGAATTGCAGAATTCAGTGAATCATCGAATCTTTGAACGCATATTGCGCTCTTTGGTATTCCGAAGAGCATGCTTGTTTGAGTATCMGTAAACACCYCAWARCKTYTKKWTMTTTTWAWMRAAMAGYTTTGGACTTGAGCAATCCCAACACCAATCYTTTTKRGATCGGTGGCGGGTTGCTTGAAATGCAGAKGCAGCTGGACATTCTCCTGAGCTAGAAGCATATTTCATTTANTCCCGTCGAACGGTTTATTACTTTTTGCTGCAGCTAACATA
k__Fungi,p__Ascomycota,c__Leotiomycetes,o__Helotiales,f__Helotiales_fam_Incertae_sedis,g__Leohumicola,NA,NCGGAGGNTCATTACAGAGTTCATGCCCTTACGGGTNGANTCTCCMACCCTWKRWTAYTAWAYCTTNTGTTGCTTTGGCGRGCCGCYTCGGCYACCGGCTYYKGCTGGTRMGYGCYCGCCARAGGACCMYAAACTCTGWWTRTTARTGTCGTCTGAGTACTATATANANTAGTTAAAACTTTCAACAACGGATCTCTTGGTTCTGGCATCGATGAAGAACGCAGCGAAWTGCGATAAGTAATGTGAATTGCAGAATTCAGTGAATCATCGAATCTTTGAACGCACATTGCGCCCCKTGGTATTCCGMGGGGCATGCCTGTTCGAGCGTCAKTAYAACMCTCAAGCYYWGCTTGSTRTTGGGGGCCTGCTGTTACCGGCAGCCCTTAAAACTTATTGGCGGTGCCACCTGGCTCTAAGCGTAATTAATACTTCTCGCTATAGAGTCCCGGTGGATGCTTGCCATCAACCCCTTATTTTTTCTATGGGGTGACCTCGGATCAGGTAGGGTTACCCGCTTGAACTTTAGCAT
k__Fungi,p__Basidiomycota,c__Agaricomycetes,o__Boletales,f__Boletaceae,g__Xerocomellus,s__cisalpinus,GGTCATTATCGAATTTCGAGGGGGGAAGATGGAGGGGGGAGACTGGCGCTGGCTTCCACTGGGAAGCATGGGCACGTCTTCCTTTTCGTCGACCTTTCTCTTACTCTCACACCTGGGCACCCATTGGAGGTCCTCGAAAGAGGATCTATGTCTTTATCATCACACCCATTGTATGTCTAAAATGGATCACGATCGTCGACCGACTTTGCGGTCGGGCGGCGGTCAAATAAATAAATACAACTTTCAGCAACGGATCTCTTGGCTCTCGCATCGATGAARAACGCASCGAATTGCGATAAGTAATGGGAATTGCAGATTTTCAGTGAATCATCGAATCTTTGAACGCACCTTGCGCTCCTTGGKATTYYGAGRAGCRTGYSYGKKTGARTGKCATTGWATTCTCAACCATGTSTTGATTGAKTTCGAGGCATGKCTTGGACTTTGKGGTTGCTGGSGGSGAAAGCTGKCGGCTCTCCTGRRATGCATTAKCAATGGACAGCAAGTCTGAKGTGCACSSSCTTGACGTGAKAAWGRTCGKCGTCNGCTGGGNGCATTKGWSSRARCATGAAWRGAKWCTGKKTTGCNCTCCCNATCNCCTTGAN
k__Fungi,p__Ascomycota,c__Pezizomycetes,o__Pezizales,f__Tuberaceae,g__Tuber,s__beyerlei,ACTCTAAACTTACTGTCTGAGAAGGCCATGTGCCGTAATCTTTAAACATTTTAAAACTTTCAACAACGGATCTCTTGGTTCTCGCATCGATGAAGAACGCAGCGAAATGCGATAAGTAATGTGAATTGCAGAATTCAGTGAATCATCGAATCTTTGAACGCACATTGCGCCCTTTGGTATTCCATAGGGCATGCCTGTTCGAGCGTCACTAAAAACCTCATCACAAAGAGTGTGGTATTGGCAGAAGTGGGTAGGGCTAGCAAGGAAGTGCTGGCCCCACTCTGCTGGAATGAATAGGCCGGAAATGTAGACCATGGTAACAGACTTTCACAGTATCGTCAAATGCTAAATTAGTTTGTATGCTTGGTCAGAATCTAGGCCATTGGACCCCCATTCT
k__Fungi,p__Basidiomycota,c__Agaricomycetes,o__Boletales,f__Boletaceae,g__Caloboletus,s__radicans,ACATTATCGAATTCTGAGGGGGGAAGAGGCNCGAGTGGGAGACTGTNGCTGGCCCTCGGGCATGTGCACGTCTCNCTYKTCGTCGACCTTTCTCTYAYWCWCACACCTGTGCACMYWTTGTAGGYCCTCGAAAGAGGATCTATGTTTTYMWCATCACACMCAYYGTATGTCTNNAGAATGTATTMMGAWCGTCGACCKGYCNTNCGGYMGGSYGGCGGTCRNATAAATMANTACAACTTTCAGCAACGGATCTCTTGGCTCTCGCATCGATGAAGAACGCAGCGAATTGCGATAAGTAATGTGAATTGCAGATTTTCAGTGAATCATCGAATCTTTGAACGCACCTTGCGCTCCTTGGTATTCCGAGGAGCATGCCTGTTTGAGTGTCATCGAATCATCAACCATGTCTTGATCGATTTCAAGGCATGGCTTGGAGTTGGGGGGTTTGCTGGGCAGCGAAACGCTATCAGCTCTCCTGAAATGCATTAGCAAAGGGCGGGCAAGGTCTGTCGTGCACGGCCTTCGACGTGATAATGATCGTCGTGGCTGGAGCTTCGGGACATGCATGAATCGACCTTGCTTACGAACAATTTACCCTAGGCTTCGAGCTGCT
k__Fungi,p__Basidiomycota,c__Agaricomycetes,o__Agaricales,f__Inocybaceae,g__Inocybe,s__cincinnata,NGGTCATTATCGTATATAAACTTGAACAGGCTGTTGCTGGCTCTCCCTCTGGAGTGTGTGTGCACGCTTGTCTCATCTTTATTATTTCTCCAACTGTGCACATTTTGTAGATCCTGGAAAGGCCCTTTATGAATGTBCTCATTCGAGTAGGGACTGCTGTCGCTTTTCTTTGAAAGGCCGGCTTTGCCTTTTTGCCTTCCAGGTCTATGTCATTTTCCACAACCTCTCAAACGAGTTTAGAATGTCTTATTAAGTGAAATATACAACTTTCAGCAACGGATCTCTTGGCTCTCGCATCGATGAAGAACGCAGCGAAATGCGATAAGTAATGTGAATTGCAGAATTCAGTGAATCATCGAATCTTTGAACGCATCTTGCGCTCCTTGGTATTCCGAGGAGCATGCCTGTTTGAGTGTCATTTGACTTATCAACCGCTTCATGGTAAAACATGRACGTGGCTTTGGATKKGGGGGGTCTTTGCAGGNCTTTTTKMATCTAAAGGNTCNGGCTCCCCNTGNAAACGCATTNAGTGGGCATCTGAGCTGCTACTA
k__Fungi,p__Basidiomycota,c__Agaricomycetes,o__Cantharellales,f__Clavulinaceae,g__Membranomyces,NA,GNCTTTACGAATTGCAATGGGGGGGTTGATGCTGGAAGCTGTTTCTTTCGCTGCATGTGCTCGTCCCCCCAACAATCTTCATCCAAACGCCACCTGTGCACATTTCGGAGGGTCTCCGAGTTTGATTTCCTGTTGTTGGCCACACCAGGTTCTCTTCGGGGGGTTCCCTTCCTCTCCTCATATACACTGCTTCAATAATATTGAACGTGATTGTGCCGCAAGGCCTTTGTCGCAATACAACTTTTAACAACGGATCTCTTGGCTCTCGCATCGATGAAGAACGCAGCGAAATGCGATAAGTAATGTGAATTGCAGAATTCAGTGAATCATCGAATCTTTGAACGCACCTTGCGCTCCCTGGTATTCCGGGGAGCACGCCTGTTCGAGTGTCGTGAAATTCTCAAGCTTGGATGCTTTTTCATCTTTAGCTTGGTAATTGGGCTCTGCTGTTCCTTTCATTGGAACCAGCTGGCCTTAAAATCATTAGCTGATCCTCATGTTGTGGCGTTGGTTCTACTCAGCGTGATAACGAATCTGACCGCTGGGGGACATCTTTCAGGATGGCCAATTCTCATCTTGGGTTGCTTCTAATTTGGCTTTTANCGCATATTCTGTTTKGACCTCGAATCAGGCNGGNC
k__Fungi,p__Ascomycota,c__Eurotiomycetes,o__Eurotiales,f__Aspergillaceae,g__Penicillium,NA,GCGGAGGATCATTACTGAGTGAGGGCCCTCTGGGTCCAACCTCCCACCCGTGTTTATCGTACCTTGTTGCTTCGGYGGGCCCGCCTCACGGCCGCCGGGGGGCATCTGCCCCCGGGCCCGCGCCCGCCGAAGACACCATTGAACGCTGTCTGAAGAWTGCAGTCTGAGCNATAAACWAAATAAGTTAAAACTTTCAACAACGGATCTCTTGGTTCCGGCATCGATGAAGAACGCAGCGAAATGCGATAACTAATGTGAATTGCAGAATTCAGTGAATCATCGAGTCTTTGAACGCACATTGCGCCCCCTGGTATTCCGGGGGGCATGCCTGTCCGAGCGTCATTGCTGCCCTCAAGCCCGGCTTGTGTGTTGGGCCCCGTCCNCCCTCNCCGGGGGACGGGCCCGAAAGGCAGCGGCGGCACCGMGTCCGGTCCTCGAGCGTATGGRGCTTTGTCACCCGCTCTGTAGGCCCGGCCGGCGCCAGCCGACANACCCATCATCCTTTTCAGGTTGACCTCGGATCAGGTAGGGATACCCGCTGAACTTAAGCWAT
k__Fungi,p__Basidiomycota,c__Agaricomycetes,o__Agaricales,f__Inocybaceae,g__Inocybe,NA,GGTCATTATTGAATNAACTTGAACAGGTTGTTGCTGGCCCTTTGGAGGGGTATGTGCACGCTTGTCATCTTTATCATTTTCTCCAACTGTGCACATAATTGTAGACCTTGGGGGCATTTGAATCTAGATTCAAGTTGAGGGACTGCTGTGCTTTTCTAATCCAAAAGTCGGCTTTCCCTTGTATTTTCCAGGTCTATGTCATTTTTCACAACCTCTAGAATGTGTTTTAGAATGTCTATATATAAAGTTATAATACAACTTTCAGCAACGGATCTCTTGGCTCTCGCATCGATGAAGAACGCAGCGAAATGCGATAAGTAATGTGAATTGCAGAATTCAGTGAATCATCGAATCTTTGAACGCATCTTGCGCTCCTTGGGTATTCCGAGGAGCATGCCTGTTTGAGTGTCATTTGAACTTCTCTCAACCACGTCGTCTTTTCGAATGTGGGCTTGGATGTGGGGGGATTCCTTTTTTGCAGGCTTTCTTTGCCTGCTCCCCCTGAAATGCATTAGTGGTTATCTGAGCTGCTATTGGTGGTGATAAATTTATCTATGCCTTGGTATTGCTGGTCAGCACTGCTTANTAACGACACTGGNCAATTTGG
k__Fungi,p__Basidiomycota,c__Agaricomycetes,o__Thelephorales,f__Thelephoraceae,NA,NA,TCATTACTGAACTGTTGACACGAGTTGTTGCTGGTCCTCAAACGGGGGCATGTGCACACTCTGTCCACACATCCACTCACACCTGTGCACCTTCTGTAGTTCTATGGGCTGGGGGACCCCGTCCTCCTTCTGTAGCTCTACGTCTTTACACACACACTGCGATAAAGTCTTATGGAATGTATATCGCGTTTAACGCAATACAATACAACTTTCAGCAACGGATCTCTTGGCTCTCGCATCGATGAAGAACGCAGCGAAATGCGATAAGTAATGTGAATTGCAGAATTCAGTGAATCATCGAATCTTTGAACGCACCTTGCGCCCCTTGGTTATTCCGAAGGGCATGCCTGTTTGAGTATCATGAACACCTCAACTCTTGTGGTTTCCCACAATGAGCTTGGGACTGTGGAGGTTTTTGTTGGNCCCTCTGGNTCAGCTCCTCTCAAATGGGATCAGCTTACCAGTGTTTGGGTGGGCATCACGGGGTGTGATAAACTATCTACGCTTGTTGGTTTGTCTCTGAATAAACCNTCCCAGTGATGAAAGGTTTCGCTGGGAGCTTATAAAWTGYCCNTCCCCAGTGAAAGAAAGCTTTGAACGTCGCGATCTCAAATCAGTAGGACTACCC
k__Fungi,p__Ascomycota,c__Eurotiomycetes,o__Eurotiales,f__Aspergillaceae,g__Penicillium,NA,CCCTCTGGGTCCAACCTCCCACCCGTGTTTATTATACCTTGTTGCTTCGGCTCTCCCGCCTAATGGACGCCGGCCCTTTTCTGCNCCCGGNCCGCGCACGCCGNNNRCATCWCKMARTCKGKGTGRAWMATRTAWTYTGRSWMAAAATATAAATWATTTAAAACTTTCAACAACGGATCTCTTGCNNTCCGGCATCGATGAAGAACGCAGCGAAATGCGATAMRTAAWGTGAATTGCAGAATTCAGWGAATCATCGAGTCTTTGAACGCACATTGCGCCCTCTGGGATTCCGGGGGCATGCCCGTGCGAGCGTCATTGCTGCCCCACCCCGGGTTGTGTGTTGTGCCCCGCCCCCCCTCCCGGGGGAGGGCCCCAAAGACGGGGAACCCGTCCGGCCCTCNGGTTGGGTTTTTCCCCCTCTTGTGCCC
k__Fungi,p__Ascomycota,c__Pezizomycetes,o__Pezizales,f__Pyronemataceae,g__Myrmecocystis,NA,ACATTAGAAAATCCGGTGAGGCCACCTGGCACACATCGTATTCATTCACTCTGAGTATTTTTCCTGTTGCTTCCGTGGGGTTTGGCGAGTCATGCGCTCTGTCTTGTTTTCTTGGGTGGATCCCAGGGGACGCCCCGCGGAAGGGAAGCACCGCAACGCCTTAGAATACTAATTGATTTTGGTCTGATCTTGTTTTGAAGAAATATTAAAACTTTCAGCAACGGATCTCTTGGTTCTCGCATCGATGAAGAACGCAGCGAAATGCGAAAAGTAGTGTGAATTGCAGAATTCAGTGAATCATCGAATCTTTGAACGCACATTGCGCCTCGCGGTATTCTGCGAGGCATGCCTGTTCGAGCGTCATGAAAAACCCTTCAAGCCTTTATTGCTTGGTTGTGGTGGATGAGAACCCCCCCCAAGGTATCTCACCTCCCAAACTCAATGGCTGACTACAAAAGCCGAGCTGCATAGAGTGTTGTAGGTGTTCAGCACAGATCCTCCTCAGCGCCCGGTGAAAGTCTTGCCCATCAGTGCCCAGTAGTATACTTCAGTTGACCCTCSGGATCAGGTAGGGATACCCGCTGAACTTAAN
k__Fungi,p__Basidiomycota,c__Agaricomycetes,o__Thelephorales,f__Thelephoraceae,NA,NA,TTACTGAGTCGTTGACACGAGTTGTTGCTGGTCCTCAAACGGGGGCATGTGCACGCTCTGTTCACACATCCACCCACACCTGTGCACCCTCTGTAGTTCTATGGTCTGGGGGACACACCATCTCCCTCCTGTAGTTCTACGTCTTTACACACACACACCGTAGCAAAGTCTTATGGAATGTGCATCGCGTTTAACGCAATACAATACAACTTTCAGCAACGGATCTCTTGGCTCTCGCATCGATGAAGAACGCAGCGAAATGCGATAAGTAATGTGAATTGCAGAATTCAGTGAATCATCGAATCTTTGAACGCACCTTGCGCCCCTTGGCTAATCCGAGGGGCATGCCTGTTTGAGTATCATGAACACCTCAACTCTCATGGTTTGCCATGACGAGCTTGGACTTTGGAGGTTTTGCTGGCCCGTGGTCAGCTCCTCTCAAACAAATCAGCTTGCCAGTGTTTGGTGGCGTCACAGGTGTGATAACTATCTGCGCTTGTGGTTGTCCGCTGGGTAACCTTTGGCAACAGAGGTTTGCTGGNAGCTTACAAATGTCTTCCTTGGTGGAGACAGCTTTTTGAACGTTCGATCTCAAATCAGGCAGGACTACCCGCTGACTTA
k__Fungi,p__Ascomycota,c__Eurotiomycetes,o__Eurotiales,f__Aspergillaceae,g__Neosartorya,NA,CGGNGGATCATTACCGAGTGCGGGCCCTCTGGGCCCAACCTCCCACCCGTGTTTCATTATTACCTTGTTGCTTCGGCGGCCCCGCCGTTCCGGCCGCCGGGGGGCTTTCACGTCCCCGGCCCCGCGCCCGCCGAAGACACCYCCGAACGCTGCCTGAAGGTTGCAGTCTGAGTGATCATGATAAATAAGTTAAAACTTTCAACAACGGATCTCTTGGTTCCGKCATCGATGAAGAACGCAGCGAAATGCGATACGTAATGTGAATTGCAGAATTCAGTGAATCATCGAGTCTTTGAACGCACATTGCGCCCCCTGKTATTCCGSAGGGCATGCCTGTCCGAKCGTCATTGCTGCCCTCAAGCCCGGCTTGTGTGTTGRGCCGTCGTCCCCCGGACTCCCGGCGGACGGSCCCGAAAGGCAGSGGCGGSACCGYGTCCGGTCCTCGASCGTATGGGGCTTTGTCACCCGCTCCGTAGGCCCGGYCGGCGCCTCAGCCGACCCTYCAACCTTTATTTCTCCAGGTTGACCTCGGATCAGGTAGGGATACCCGCTGAACTTA
k__Fungi,p__Basidiomycota,c__Agaricomycetes,o__Thelephorales,f__Thelephoraceae,g__Thelephora,NA,GNTCATTACTGAGTTGTCGACACGAGCTGTTGCTGGTCCTCAAAACAAGGGGGCATGTGCACGCTCTGTTCACACATCCACTCACACCTGTGCACCCCTGTAGTTCTATGGTTTGGAGGACTCGCCGCCTCCTTCCTGTAGTTCTATGTCTTTACACATACACCGTAGTGAAGTCTTATGGAATGTGCGCCGCGTTTAACGCAATAAAATACAACTTTCAGCAACGGATCTCTTGGCTCTCGCATCGATGAAGAACGCAGCGAAATGCGATAAGTAATGTGAATTGCAGAATTCAGTGAATCATCGAATCTTTGAACGCACCTTTGCGCCTCTWGGCTATTCCGANGGGGCATGCCTGTTTGAGTATCATGAACACCTCAACTCTCACGGTTCACCCGTGATGAGCTTGGACTTCTGGAGGTTTTTTGCTGGCCTGTGGCCAGCTCCTCTCAAATGCATCAGCTTACCAGTGTTTGGTGGCGTCATGGGTGTGATAACTATCTACGCTTGTGGCGTCCGCCAGGTAACCTTCAGCGATGGGGGTTTGCTGGGGNCTTACAAACGTCTCTCCTCAGCGAAGACAGCTTTTTGAACGTTCGATCTCAAATCAGGTAG
k__Fungi,p__Basidiomycota,c__Agaricomycetes,o__Atheliales,f__Pilodermataceae,g__Piloderma,NA,GGACATTATTGAAATTATAGGTGAGGGTTGTAGCTGGCCTCTCGGGGCATGTGCACGCCTGAGCCCTTAATCCACACACACCTGTGAACCTATTGTAAGGGCCCYYNAAAAAAGGCCTTTACGTCTTATCATCAACCCMWYSGAWGGTYYCTMMGAWGGWAAAAATTGGCCCCCCCCTTAAAAAATGTAATGAAACTAAAACACTTTTGAACACCGGACTCCTGGGTCCCGCAATGTGCGAGAAACGAGGCGAAAGGCAAAAGAAAATGGGAATGGCGAATTTTCATGGAATNTCGGATCCTTGGACGTCCCTTGGCGCCCCTGGGAATCCGGAGAGGAAGGCTGGTTTAGTGTTTTTAAACTNTTTAACTCGAGCGCATTTGTTTCCATTCCA
k__Fungi,p__Basidiomycota,c__Agaricomycetes,o__Agaricales,f__Inocybaceae,g__Inocybe,s__flocculosa,GGNTCATTATCGAATAAACTTGAACAGGCTGTTGCTGGTCTTCTCAGGGAGATTACGTGCACGCTTGTCTCATCTTTGTTATTTCTCCAACTGTGCACCTTTTGTAGACCCTGGAGCTTTATGAATTTTCTGAAAATTCGAGTCAGGACTGCTGTTTCAGCTTTGCCTTGCATCTCCAGGTCTATGTCATTTTTCACAACCGCTCAATATGTTTAGAATGTTTGAAATATAAANTTGAAATATACAACTTTCAGCAACGGATCTCTTGGCTCTCGCATCGATGAAGAACGCAGCGAAATGCGATAAGTAATGTGAATTGCAGAATTCAGTGAATCATCGAATCTTTGAACGCATCTTGCGCTCCTTNGNTATTNCCGAGGAGCATGCCTGTTTGAGTGTCATTTAANCTTCTCAACCAACATCAGATGATGTTGGCTTGGATGTGGGGGTTGTTTTTGCAGGCNTTTTTCTTGTANNAAGGTCGGCTNCCCCTNGAAATGGATTAGTGGTATCTGAGGGCTACNAC
k__Fungi,p__Basidiomycota,c__Agaricomycetes,o__Atheliales,f__Byssocorticiaceae,g__Byssocorticium,NA,GGNTCATTATCGAATTATAAGCAAAGGTTGTTGCTGGCCCCTCGGGGCATGTGCACGCCCTAGCTCTTAATCCACTTACACCTGTGAACTCAATGTGGGACGTCCTTCGGGATGATTCTCATGTCTTTCATATACTCTTATGTATGTCGCGGAATGTCTTATTGTTGCTTTAACGCAATTATATACAACTTTCAACAACGGATCTCTTGGCTCTCGCATCGATGAAGAACGCAGCGAAATGCGATAAGTAATGTGAATTGCAGATTTTCAGTGAATCATCGAATCTTTGAACGCACCTTGCGCTCCTTGGTATTCCGAGGAGCATGCCTGTTTGAGTGTCATTAAATTCTCAACTTCACCGATTTGTTTCGAGTGAGGCTTGNACTTGNAGCGTGNCTGNTCCTTTCTTGGNTCGGCTCCTCTTTAAATGCATCAGCGGAGTCTTCTTTGACTTGCGGTATCGGCGTGATAAATCATGTTACNGCCGNTGACCGATGTCTCAGTCCGCTTACCAATGGTCTTTCGGACGGACTTTATCAAAATTTGGACCTCAAA
